period,temperature,humidity
2019-08-12 16:00:00,0.0,79.81166666666668
2019-08-12 17:00:00,0.0,77.58583333333334
2019-08-12 18:00:00,0.0,79.45416666666667
2019-08-12 19:00:00,0.0,80.48166666666667
2019-08-12 20:00:00,0.0,83.175
2019-08-12 21:00:00,0.0,87.20416666666668
2019-08-12 22:00:00,0.0,93.08333333333333
2019-08-12 23:00:00,0.0,96.1875
2019-08-13 00:00:00,0.0,98.0
2019-08-13 01:00:00,0.0,99.0
2019-08-13 02:00:00,0.0,99.0
2019-08-13 03:00:00,0.0,99.0
2019-08-13 04:00:00,0.0,99.0
2019-08-13 05:00:00,0.0,99.0
2019-08-13 06:00:00,0.0,99.0
2019-08-13 07:00:00,0.0,99.0
2019-08-13 08:00:00,0.0,97.77
2019-08-13 09:00:00,0.0,90.04222222222224
2019-08-13 10:00:00,0.0,78.45777777777779
2019-08-13 11:00:00,0.0,72.07777777777778
2019-08-13 12:00:00,0.0,69.12833333333333
2019-08-13 13:00:00,0.0,68.45611111111111
2019-08-13 14:00:00,0.0,69.13333333333334
2019-08-13 15:00:00,0.0,69.17194444444445
2019-08-13 16:00:00,0.0,68.14805555555556
2019-08-13 17:00:00,0.0,68.4961111111111
2019-08-13 18:00:00,0.0,71.24138888888889
2019-08-13 19:00:00,0.0,73.78944444444444
2019-08-13 20:00:00,0.0,77.5361111111111
2019-08-13 21:00:00,0.0,79.0
2019-08-13 22:00:00,0.0,81.0
2019-08-13 23:00:00,0.0,82.06833333333334
2019-08-14 00:00:00,0.0,84.68333333333335
2019-08-14 01:00:00,0.0,87.24166666666666
2019-08-14 02:00:00,0.0,89.56166666666668
2019-08-14 03:00:00,0.0,90.0
2019-08-14 04:00:00,0.0,88.97166666666666
2019-08-14 05:00:00,0.0,87.0
2019-08-14 06:00:00,0.0,87.24833333333335
2019-08-14 07:00:00,0.0,83.87833333333333
2019-08-14 08:00:00,0.0,79.72333333333334
2019-08-14 09:00:00,0.0,74.45166666666667
2019-08-14 10:00:00,0.0,73.0
2019-08-14 11:00:00,0.0,73.0
2019-08-14 12:00:00,0.0,73.0
2019-08-14 13:00:00,0.0,66.25527777777778
2019-08-14 14:00:00,0.0,64.56750000000001
2019-08-14 15:00:00,0.0,63.801944444444445
2019-08-14 16:00:00,0.0,62.99055555555557
2019-08-14 17:00:00,0.0,66.52388888888889
2019-08-14 18:00:00,0.0,69.19055555555558
2019-08-14 19:00:00,0.0,72.21916666666667
2019-08-14 20:00:00,0.0,76.62166666666667
2019-08-14 21:00:00,0.0,80.32222222222222
2019-08-14 22:00:00,0.0,84.36888888888889
2019-08-14 23:00:00,0.0,88.04666666666667
2019-08-15 00:00:00,0.0,91.0
2019-08-15 01:00:00,0.0,92.0
2019-08-15 02:00:00,0.0,93.0
2019-08-15 03:00:00,0.0,94.50888888888888
2019-08-15 04:00:00,0.0,96.0
2019-08-15 05:00:00,0.0,96.0
2019-08-15 06:00:00,0.0,95.08222222222224
2019-08-15 07:00:00,0.0,96.6
2019-08-15 08:00:00,0.0,94.72888888888889
2019-08-15 09:00:00,0.0,95.0
2019-08-15 10:00:00,0.0,93.71749999999999
2019-08-15 11:00:00,0.0,90.95499999999998
2019-08-15 12:00:00,0.0,87.75
2019-08-15 13:00:00,0.0,79.135
2019-08-15 14:00:00,0.0,71.45916666666668
2019-08-15 15:00:00,0.0,72.43666666666667
2019-08-15 16:00:00,0.0,76.2825
2019-08-15 17:00:00,0.0,77.96000000000001
2019-08-15 18:00:00,0.0,74.80583333333333
2019-08-15 19:00:00,0.0,74.81083333333332
2019-08-15 20:00:00,0.0,74.66694444444444
2019-08-15 21:00:00,0.0,75.93333333333334
2019-08-15 22:00:00,0.0,77.51222222222222
2019-08-15 23:00:00,0.0,81.16055555555555
2019-08-16 00:00:00,0.0,87.42166666666667
2019-08-16 01:00:00,0.0,90.00277777777778
2019-08-16 02:00:00,0.0,92.0
2019-08-16 03:00:00,0.0,93.08277777777776
2019-08-16 04:00:00,0.0,94.0
2019-08-16 05:00:00,0.0,95.0
2019-08-16 06:00:00,0.0,96.0
2019-08-16 07:00:00,0.0,95.0
2019-08-16 08:00:00,0.0,94.0
2019-08-16 09:00:00,0.0,90.01138888888889
2019-08-16 10:00:00,0.0,87.9497222222222
2019-08-16 11:00:00,0.0,82.96222222222224
2019-08-16 12:00:00,0.0,76.51805555555556
2019-08-16 13:00:00,0.0,74.23583333333333
2019-08-16 14:00:00,0.0,78.22666666666667
2019-08-16 15:00:00,0.0,76.74666666666666
2019-08-16 16:00:00,0.0,75.85027777777778
2019-08-16 17:00:00,0.0,73.57000000000001
2019-08-16 18:00:00,0.0,73.0
2019-08-16 19:00:00,0.0,73.0
2019-08-16 20:00:00,0.0,73.0
2019-08-16 21:00:00,0.0,73.0
2019-08-16 22:00:00,0.0,73.0
2019-08-16 23:00:00,0.0,73.0
2019-08-17 00:00:00,0.0,73.0
2019-08-17 01:00:00,0.0,73.0
2019-08-17 02:00:00,0.0,73.0
2019-08-17 03:00:00,0.0,73.0
2019-08-17 04:00:00,0.0,73.0
2019-08-17 05:00:00,0.0,73.0
2019-08-17 06:00:00,0.0,73.0
2019-08-17 07:00:00,0.0,73.0
2019-08-17 08:00:00,0.0,73.0
2019-08-17 09:00:00,0.0,73.0
2019-08-17 10:00:00,0.0,73.0
2019-08-17 11:00:00,0.0,73.0
2019-08-17 12:00:00,0.0,73.0
2019-08-17 13:00:00,0.0,73.0
2019-08-17 14:00:00,0.0,73.0
2019-08-17 15:00:00,0.0,73.0
2019-08-17 16:00:00,0.0,97.16388888888888
2019-08-17 17:00:00,0.0,99.0
2019-08-17 18:00:00,0.0,99.0
2019-08-17 19:00:00,0.0,99.0
2019-08-17 20:00:00,0.0,99.0
2019-08-17 21:00:00,0.0,99.0
2019-08-17 22:00:00,0.0,99.0
2019-08-17 23:00:00,0.0,99.0
2019-08-18 00:00:00,0.0,99.0
2019-08-18 01:00:00,0.0,99.0
2019-08-18 02:00:00,0.0,99.0
2019-08-18 03:00:00,0.0,99.0
2019-08-18 04:00:00,0.0,99.0
2019-08-18 05:00:00,0.0,99.0
2019-08-18 06:00:00,0.0,99.0
2019-08-18 07:00:00,0.0,99.0
2019-08-18 08:00:00,0.0,99.0
2019-08-18 09:00:00,0.0,99.0
2019-08-18 10:00:00,0.0,99.0
2019-08-18 11:00:00,0.0,93.90083333333332
2019-08-18 12:00:00,0.0,87.0311111111111
2019-08-18 13:00:00,0.0,86.0
2019-08-18 14:00:00,0.0,80.61333333333333
2019-08-18 15:00:00,0.0,76.23555555555555
2019-08-18 16:00:00,0.0,76.32000000000001
2019-08-18 17:00:00,0.0,81.94222222222223
2019-08-18 18:00:00,0.0,89.70666666666668
2019-08-18 19:00:00,0.0,93.37777777777778
2019-08-18 20:00:00,0.0,95.03111111111112
2019-08-18 21:00:00,0.0,97.0
2019-08-18 22:00:00,0.0,98.0
2019-08-18 23:00:00,0.0,99.0
2019-08-19 00:00:00,0.0,99.0
2019-08-19 01:00:00,0.0,99.0
2019-08-19 02:00:00,0.0,99.0
2019-08-19 03:00:00,0.0,99.0
2019-08-19 04:00:00,0.0,99.0
2019-08-19 05:00:00,0.0,99.0
2019-08-19 06:00:00,0.0,99.0
2019-08-19 07:00:00,0.0,99.0
2019-08-19 08:00:00,0.0,99.0
2019-08-19 09:00:00,0.0,98.0
2019-08-19 10:00:00,0.0,88.73499999999999
2019-08-19 11:00:00,0.0,84.05166666666668
2019-08-19 12:00:00,0.0,90.19166666666665
2019-08-19 13:00:00,0.0,86.11166666666668
2019-08-19 14:00:00,0.0,78.02666666666666
2019-08-19 15:00:00,0.0,83.66833333333332
2019-08-19 16:00:00,0.0,88.24666666666667
2019-08-19 17:00:00,0.0,88.55999999999999
2019-08-19 18:00:00,0.0,90.0
2019-08-19 19:00:00,0.0,92.92194444444445
2019-08-19 20:00:00,0.0,95.0
2019-08-19 21:00:00,0.0,96.43722222222223
2019-08-19 22:00:00,0.0,99.0
2019-08-19 23:00:00,0.0,99.0
2019-08-20 00:00:00,0.0,99.0
2019-08-20 01:00:00,0.0,99.0
2019-08-20 02:00:00,0.0,99.0
2019-08-20 03:00:00,0.0,99.0
2019-08-20 04:00:00,0.0,99.0
2019-08-20 05:00:00,0.0,99.0
2019-08-20 06:00:00,0.0,99.0
2019-08-20 07:00:00,0.0,99.0
2019-08-20 08:00:00,0.0,99.0
2019-08-20 09:00:00,0.0,95.51555555555555
2019-08-20 10:00:00,0.0,83.4511111111111
2019-08-20 11:00:00,0.0,79.20555555555556
2019-08-20 12:00:00,0.0,79.76222222222222
2019-08-20 13:00:00,0.0,74.93222222222221
2019-08-20 14:00:00,0.0,72.72555555555554
2019-08-20 15:00:00,0.0,73.97555555555554
2019-08-20 16:00:00,0.0,72.16000000000001
2019-08-20 17:00:00,0.0,73.265
2019-08-20 18:00:00,0.0,75.92416666666668
2019-08-20 19:00:00,0.0,79.42916666666665
2019-08-20 20:00:00,0.0,84.67833333333334
2019-08-20 21:00:00,0.0,87.85916666666665
2019-08-20 22:00:00,0.0,88.0
2019-08-20 23:00:00,0.0,88.0
2019-08-21 00:00:00,0.0,95.0
2019-08-21 01:00:00,0.0,96.28583333333334
2019-08-21 02:00:00,0.0,98.0
2019-08-21 03:00:00,0.0,99.0
2019-08-21 04:00:00,0.0,99.0
2019-08-21 05:00:00,0.0,99.0
2019-08-21 06:00:00,0.0,99.0
2019-08-21 07:00:00,0.0,99.0
2019-08-21 08:00:00,0.0,99.0
2019-08-21 09:00:00,0.0,99.0
2019-08-21 10:00:00,0.0,94.55833333333334
2019-08-21 11:00:00,0.0,85.07
2019-08-21 12:00:00,0.0,77.17666666666668
2019-08-21 13:00:00,0.0,71.0411111111111
2019-08-21 14:00:00,0.0,69.93333333333334
2019-08-21 15:00:00,0.0,69.06666666666665
2019-08-21 16:00:00,0.0,70.67944444444446
2019-08-21 17:00:00,0.0,71.71305555555554
2019-08-21 18:00:00,0.0,74.21222222222221
2019-08-21 19:00:00,0.0,79.94555555555556
2019-08-21 20:00:00,0.0,83.7263888888889
2019-08-21 21:00:00,0.0,85.39944444444444
2019-08-21 22:00:00,0.0,88.55944444444444
2019-08-21 23:00:00,0.0,91.6261111111111
2019-08-22 00:00:00,0.0,94.73277777777777
2019-08-22 01:00:00,0.0,97.0
2019-08-22 02:00:00,0.0,98.0
2019-08-22 03:00:00,0.0,99.0
2019-08-22 04:00:00,0.0,99.0
2019-08-22 05:00:00,0.0,99.0
2019-08-22 06:00:00,0.0,99.0
2019-08-22 07:00:00,0.0,99.0
2019-08-22 08:00:00,0.0,99.0
2019-08-22 09:00:00,0.0,95.29333333333334
2019-08-22 10:00:00,0.0,84.6
2019-08-22 11:00:00,0.0,76.71333333333334
2019-08-22 12:00:00,0.0,75.97333333333333
2019-08-22 13:00:00,0.0,76.0
2019-08-22 14:00:00,0.0,76.73972222222223
2019-08-22 15:00:00,0.0,75.39361111111111
2019-08-22 16:00:00,0.0,75.30027777777778
2019-08-22 17:00:00,0.0,76.63361111111111
2019-08-22 18:00:00,0.0,81.34833333333334
2019-08-22 19:00:00,0.0,90.14194444444443
2019-08-22 20:00:00,0.0,94.4736111111111
2019-08-22 21:00:00,0.0,96.28055555555555
2019-08-22 22:00:00,0.0,99.0
2019-08-22 23:00:00,0.0,99.0
2019-08-23 00:00:00,0.0,99.0
2019-08-23 01:00:00,0.0,99.0
2019-08-23 02:00:00,0.0,99.0
2019-08-23 03:00:00,0.0,99.0
2019-08-23 04:00:00,0.0,99.0
2019-08-23 05:00:00,0.0,99.0
2019-08-23 06:00:00,0.0,99.0
2019-08-23 07:00:00,0.0,99.0
2019-08-23 08:00:00,0.0,99.0
2019-08-23 09:00:00,0.0,99.0
2019-08-23 10:00:00,0.0,99.0
2019-08-23 11:00:00,0.0,99.0
2019-08-23 12:00:00,0.0,99.0
2019-08-23 13:00:00,0.0,99.0
2019-08-23 14:00:00,0.0,99.0
2019-08-23 15:00:00,0.0,97.57166666666666
2019-08-23 16:00:00,0.0,94.49166666666666
2019-08-23 17:00:00,0.0,92.0
2019-08-23 18:00:00,0.0,93.0
2019-08-23 19:00:00,0.0,94.26083333333334
2019-08-23 20:00:00,0.0,96.27416666666664
2019-08-23 21:00:00,0.0,98.70083333333332
2019-08-23 22:00:00,0.0,99.0
2019-08-23 23:00:00,0.0,99.0
2019-08-24 00:00:00,0.0,99.0
2019-08-24 01:00:00,0.0,99.0
2019-08-24 02:00:00,0.0,99.0
2019-08-24 03:00:00,0.0,99.0
2019-08-24 04:00:00,0.0,99.0
2019-08-24 05:00:00,0.0,99.0
2019-08-24 06:00:00,0.0,99.0
2019-08-24 07:00:00,0.0,99.0
2019-08-24 08:00:00,0.0,99.0
2019-08-24 09:00:00,0.0,99.0
2019-08-24 10:00:00,0.0,94.5327777777778
2019-08-24 11:00:00,0.0,83.55694444444445
2019-08-24 12:00:00,0.0,75.87166666666667
2019-08-24 13:00:00,0.0,71.60527777777779
2019-08-24 14:00:00,0.0,72.37861111111111
2019-08-24 15:00:00,0.0,73.53611111111111
2019-08-24 16:00:00,0.0,74.70138888888889
2019-08-24 17:00:00,0.0,78.33083333333335
2019-08-24 18:00:00,0.0,82.47333333333333
2019-08-24 19:00:00,0.0,86.85666666666665
2019-08-24 20:00:00,0.0,89.64333333333335
2019-08-24 21:00:00,0.0,93.36333333333332
2019-08-24 22:00:00,0.0,95.21666666666667
2019-08-24 23:00:00,0.0,98.0
2019-08-25 00:00:00,0.0,99.0
2019-08-25 01:00:00,0.0,99.0
2019-08-25 02:00:00,0.0,99.0
2019-08-25 03:00:00,0.0,99.0
2019-08-25 04:00:00,0.0,99.0
2019-08-25 05:00:00,0.0,99.0
2019-08-25 06:00:00,0.0,99.0
2019-08-25 07:00:00,0.0,99.0
2019-08-25 08:00:00,0.0,99.0
2019-08-25 09:00:00,0.0,97.20638888888887
2019-08-25 10:00:00,0.0,83.11944444444445
2019-08-25 11:00:00,0.0,71.42833333333333
2019-08-25 12:00:00,0.0,66.54750000000001
2019-08-25 13:00:00,0.0,62.50277777777778
2019-08-25 14:00:00,0.0,60.613333333333344
2019-08-25 15:00:00,0.0,61.564444444444455
2019-08-25 16:00:00,0.0,62.74666666666666
2019-08-25 17:00:00,0.0,66.64444444444445
2019-08-25 18:00:00,0.0,69.51555555555555
2019-08-25 19:00:00,0.0,71.8711111111111
2019-08-25 20:00:00,0.0,76.50666666666667
2019-08-25 21:00:00,0.0,83.10222222222222
2019-08-25 22:00:00,0.0,87.89333333333335
2019-08-25 23:00:00,0.0,90.51111111111112
2019-08-26 00:00:00,0.0,93.3288888888889
2019-08-26 01:00:00,0.0,95.0
2019-08-26 02:00:00,0.0,96.0
2019-08-26 03:00:00,0.0,97.0
2019-08-26 04:00:00,0.0,98.0
2019-08-26 05:00:00,0.0,99.0
2019-08-26 06:00:00,0.0,99.0
2019-08-26 07:00:00,0.0,99.0
2019-08-26 08:00:00,0.0,98.0
2019-08-26 09:00:00,0.0,90.33
2019-08-26 10:00:00,0.0,76.51166666666664
2019-08-26 11:00:00,0.0,65.4825
2019-08-26 12:00:00,0.0,58.70555555555555
2019-08-26 13:00:00,0.0,56.31833333333332
2019-08-26 14:00:00,0.0,54.41166666666667
2019-08-26 15:00:00,0.0,55.028333333333336
2019-08-26 16:00:00,0.0,58.00166666666667
2019-08-26 17:00:00,0.0,62.02055555555555
2019-08-26 18:00:00,0.0,64.39444444444445
2019-08-26 19:00:00,0.0,66.34444444444445
2019-08-26 20:00:00,0.0,72.00722222222223
2019-08-26 21:00:00,0.0,79.4
2019-08-26 22:00:00,0.0,84.48611111111111
2019-08-26 23:00:00,0.0,87.76611111111112
2019-08-27 00:00:00,0.0,90.00972222222222
2019-08-27 01:00:00,0.0,92.0
2019-08-27 02:00:00,0.0,93.0
2019-08-27 03:00:00,0.0,94.70305555555554
2019-08-27 04:00:00,0.0,94.59638888888888
2019-08-27 05:00:00,0.0,96.14305555555555
2019-08-27 06:00:00,0.0,97.77694444444445
2019-08-27 07:00:00,0.0,97.97694444444444
2019-08-27 08:00:00,0.0,94.27388888888889
2019-08-27 09:00:00,0.0,82.50999999999999
2019-08-27 10:00:00,0.0,71.46333333333334
2019-08-27 11:00:00,0.0,64.68666666666667
2019-08-27 12:00:00,0.0,60.790000000000006
2019-08-27 13:00:00,0.0,57.70666666666667
2019-08-27 14:00:00,0.0,58.279999999999994
2019-08-27 15:00:00,0.0,62.973333333333336
2019-08-27 16:00:00,0.0,62.943333333333335
2019-08-27 17:00:00,0.0,67.83027777777778
2019-08-27 18:00:00,0.0,70.90666666666667
2019-08-27 19:00:00,0.0,71.06055555555555
2019-08-27 20:00:00,0.0,74.1611111111111
2019-08-27 21:00:00,0.0,80.14472222222223
2019-08-27 22:00:00,0.0,85.4175
2019-08-27 23:00:00,0.0,87.93333333333334
2019-08-28 00:00:00,0.0,89.84416666666665
2019-08-28 01:00:00,0.0,93.0
2019-08-28 02:00:00,0.0,93.27277777777778
2019-08-28 03:00:00,0.0,91.49333333333334
2019-08-28 04:00:00,0.0,89.03500000000001
2019-08-28 05:00:00,0.0,87.64
2019-08-28 06:00:00,0.0,88.40222222222222
2019-08-28 07:00:00,0.0,94.085
2019-08-28 08:00:00,0.0,96.99722222222223
2019-08-28 09:00:00,0.0,98.0
2019-08-28 10:00:00,0.0,96.80277777777776
2019-08-28 11:00:00,0.0,93.48833333333333
2019-08-28 12:00:00,0.0,91.27722222222222
2019-08-28 13:00:00,0.0,94.20583333333333
2019-08-28 14:00:00,0.0,96.93583333333335
2019-08-28 15:00:00,0.0,96.0
2019-08-28 16:00:00,0.0,97.0
2019-08-28 17:00:00,0.0,96.17333333333335
2019-08-28 18:00:00,0.0,95.0
2019-08-28 19:00:00,0.0,97.02166666666666
2019-08-28 20:00:00,0.0,99.0
2019-08-28 21:00:00,0.0,99.0
2019-08-28 22:00:00,0.0,99.0
2019-08-28 23:00:00,0.0,99.0
2019-08-29 00:00:00,0.0,99.0
2019-08-29 01:00:00,0.0,99.0
2019-08-29 02:00:00,0.0,99.0
2019-08-29 03:00:00,0.0,99.0
2019-08-29 04:00:00,0.0,99.0
2019-08-29 05:00:00,0.0,99.0
2019-08-29 06:00:00,0.0,99.0
2019-08-29 07:00:00,0.0,99.0
2019-08-29 08:00:00,0.0,99.0
2019-08-29 09:00:00,0.0,99.0
2019-08-29 10:00:00,0.0,99.0
2019-08-29 11:00:00,0.0,97.85527777777779
2019-08-29 12:00:00,0.0,97.18111111111111
2019-08-29 13:00:00,0.0,90.89722222222223
2019-08-29 14:00:00,0.0,90.07805555555555
2019-08-29 15:00:00,0.0,92.0
2019-08-29 16:00:00,0.0,91.30472222222222
2019-08-29 17:00:00,0.0,89.71055555555556
2019-08-29 18:00:00,0.0,90.065
2019-08-29 19:00:00,0.0,92.36999999999999
2019-08-29 20:00:00,0.0,95.01166666666667
2019-08-29 21:00:00,0.0,97.105
2019-08-29 22:00:00,0.0,99.0
2019-08-29 23:00:00,0.0,99.0
2019-08-30 00:00:00,0.0,99.0
2019-08-30 01:00:00,0.0,99.0
2019-08-30 02:00:00,0.0,99.0
2019-08-30 03:00:00,0.0,99.0
2019-08-30 04:00:00,0.0,99.0
2019-08-30 05:00:00,0.0,99.0
2019-08-30 06:00:00,0.0,99.0
2019-08-30 07:00:00,0.0,99.0
2019-08-30 08:00:00,0.0,99.0
2019-08-30 09:00:00,0.0,99.0
2019-08-30 10:00:00,0.0,99.0
2019-08-30 11:00:00,0.0,93.4313888888889
2019-08-30 12:00:00,0.0,81.2322222222222
2019-08-30 13:00:00,0.0,76.0175
2019-08-30 14:00:00,0.0,76.0
2019-08-30 15:00:00,0.0,74.89333333333335
2019-08-30 16:00:00,0.0,75.14333333333335
2019-08-30 17:00:00,0.0,78.42444444444443
2019-08-30 18:00:00,0.0,81.86333333333333
2019-08-30 19:00:00,0.0,85.34444444444443
2019-08-30 20:00:00,0.0,88.85111111111111
2019-08-30 21:00:00,0.0,92.07666666666667
2019-08-30 22:00:00,0.0,95.0
2019-08-30 23:00:00,0.0,96.0
2019-08-31 00:00:00,0.0,97.0
2019-08-31 01:00:00,0.0,98.0
2019-08-31 02:00:00,0.0,99.0
2019-08-31 03:00:00,0.0,99.0
2019-08-31 04:00:00,0.0,99.0
2019-08-31 05:00:00,0.0,99.0
2019-08-31 06:00:00,0.0,99.0
2019-08-31 07:00:00,0.0,99.0
2019-08-31 08:00:00,0.0,99.0
2019-08-31 09:00:00,0.0,96.565
2019-08-31 10:00:00,0.0,86.66166666666665
2019-08-31 11:00:00,0.0,74.04833333333333
2019-08-31 12:00:00,0.0,68.81583333333333
2019-08-31 13:00:00,0.0,64.13611111111112
2019-08-31 14:00:00,0.0,62.665000000000006
2019-08-31 15:00:00,0.0,66.70444444444445
2019-08-31 16:00:00,0.0,70.0788888888889
2019-08-31 17:00:00,0.0,73.27777777777777
2019-08-31 18:00:00,0.0,78.19777777777777
2019-08-31 19:00:00,0.0,82.01277777777777
2019-08-31 20:00:00,0.0,84.46611111111112
2019-08-31 21:00:00,0.0,87.19861111111112
2019-08-31 22:00:00,0.0,92.85222222222224
2019-08-31 23:00:00,0.0,96.1463888888889
2019-09-01 00:00:00,0.0,97.0
2019-09-01 01:00:00,0.0,98.0
2019-09-01 02:00:00,0.0,98.0
2019-09-01 03:00:00,0.0,96.64027777777777
2019-09-01 04:00:00,0.0,94.02666666666667
2019-09-01 05:00:00,0.0,96.0
2019-09-01 06:00:00,0.0,97.30638888888889
2019-09-01 07:00:00,0.0,99.0
2019-09-01 08:00:00,0.0,99.0
2019-09-01 09:00:00,0.0,97.74666666666666
2019-09-01 10:00:00,0.0,93.98666666666665
2019-09-01 11:00:00,0.0,92.0
2019-09-01 12:00:00,0.0,92.0
2019-09-01 13:00:00,0.0,91.68
2019-09-01 14:00:00,0.0,84.16000000000001
2019-09-01 15:00:00,0.0,76.82666666666665
2019-09-01 16:00:00,0.0,75.29333333333334
2019-09-01 17:00:00,0.0,77.28055555555555
2019-09-01 18:00:00,0.0,79.08027777777777
2019-09-01 19:00:00,0.0,82.29416666666665
2019-09-01 20:00:00,0.0,85.65416666666667
2019-09-01 21:00:00,0.0,89.00027777777777
2019-09-01 22:00:00,0.0,91.0
2019-09-01 23:00:00,0.0,92.0
2019-09-02 00:00:00,0.0,93.17361111111111
2019-09-02 01:00:00,0.0,95.0
2019-09-02 02:00:00,0.0,96.0
2019-09-02 03:00:00,0.0,97.08027777777777
2019-09-02 04:00:00,0.0,98.94638888888889
2019-09-02 05:00:00,0.0,99.0
2019-09-02 06:00:00,0.0,99.0
2019-09-02 07:00:00,0.0,99.0
2019-09-02 08:00:00,0.0,99.0
2019-09-02 09:00:00,0.0,99.0
2019-09-02 10:00:00,0.0,97.73222222222223
2019-09-02 11:00:00,0.0,88.11333333333333
2019-09-02 12:00:00,0.0,83.87777777777778
2019-09-02 13:00:00,0.0,74.74333333333334
2019-09-02 14:00:00,0.0,71.37222222222222
2019-09-02 15:00:00,0.0,69.34666666666666
2019-09-02 16:00:00,0.0,70.36055555555555
2019-09-02 17:00:00,0.0,73.64166666666667
2019-09-02 18:00:00,0.0,75.0
2019-09-02 19:00:00,0.0,76.14750000000001
2019-09-02 20:00:00,0.0,79.46916666666667
2019-09-02 21:00:00,0.0,82.0
2019-09-02 22:00:00,0.0,83.58833333333332
2019-09-02 23:00:00,0.0,86.04083333333332
2019-09-03 00:00:00,0.0,88.32083333333334
2019-09-03 01:00:00,0.0,90.49499999999998
2019-09-03 02:00:00,0.0,93.0
2019-09-03 03:00:00,0.0,94.37416666666667
2019-09-03 04:00:00,0.0,96.0
2019-09-03 05:00:00,0.0,96.79916666666668
2019-09-03 06:00:00,0.0,97.0
2019-09-03 07:00:00,0.0,96.0
2019-09-03 08:00:00,0.0,97.4411111111111
2019-09-03 09:00:00,0.0,99.0
2019-09-03 10:00:00,0.0,99.0
2019-09-03 11:00:00,0.0,98.0
2019-09-03 12:00:00,0.0,93.56777777777779
2019-09-03 13:00:00,0.0,89.70222222222223
2019-09-03 14:00:00,0.0,84.5588888888889
2019-09-03 15:00:00,0.0,86.15333333333334
2019-09-03 16:00:00,0.0,90.77083333333333
2019-09-03 17:00:00,0.0,86.03583333333333
2019-09-03 18:00:00,0.0,85.96138888888889
2019-09-03 19:00:00,0.0,89.59083333333334
2019-09-03 20:00:00,0.0,92.3613888888889
2019-09-03 21:00:00,0.0,94.50944444444445
2019-09-03 22:00:00,0.0,97.0
2019-09-03 23:00:00,0.0,98.0
2019-09-04 00:00:00,0.0,99.0
2019-09-04 01:00:00,0.0,99.0
2019-09-04 02:00:00,0.0,99.0
2019-09-04 03:00:00,0.0,99.0
2019-09-04 04:00:00,0.0,99.0
2019-09-04 05:00:00,0.0,99.0
2019-09-04 06:00:00,0.0,99.0
2019-09-04 07:00:00,0.0,99.0
2019-09-04 08:00:00,0.0,99.0
2019-09-04 09:00:00,0.0,99.0
2019-09-04 10:00:00,0.0,99.0
2019-09-04 11:00:00,0.0,99.0
2019-09-04 12:00:00,0.0,99.0
2019-09-04 13:00:00,0.0,99.0
2019-09-04 14:00:00,0.0,99.0
2019-09-04 15:00:00,0.0,99.0
2019-09-04 16:00:00,0.0,99.0
2019-09-04 17:00:00,0.0,99.0
2019-09-04 18:00:00,0.0,99.0
2019-09-04 19:00:00,0.0,99.0
2019-09-04 20:00:00,0.0,99.0
2019-09-04 21:00:00,0.0,99.0
2019-09-04 22:00:00,0.0,99.0
2019-09-04 23:00:00,0.0,99.0
2019-09-05 00:00:00,0.0,99.0
2019-09-05 01:00:00,0.0,99.0
2019-09-05 02:00:00,0.0,99.0
2019-09-05 03:00:00,0.0,99.0
2019-09-05 04:00:00,0.0,99.0
2019-09-05 05:00:00,0.0,99.0
2019-09-05 06:00:00,0.0,99.0
2019-09-05 07:00:00,0.0,99.0
2019-09-05 08:00:00,0.0,99.0
2019-09-05 09:00:00,0.0,99.0
2019-09-05 10:00:00,0.0,99.0
2019-09-05 11:00:00,0.0,97.86444444444444
2019-09-05 12:00:00,0.0,94.0911111111111
2019-09-05 13:00:00,0.0,84.45333333333333
2019-09-05 14:00:00,0.0,82.07111111111111
2019-09-05 15:00:00,0.0,91.58777777777777
2019-09-05 16:00:00,0.0,98.15166666666667
2019-09-05 17:00:00,0.0,99.0
2019-09-05 18:00:00,0.0,99.0
2019-09-05 19:00:00,0.0,99.0
2019-09-05 20:00:00,0.0,99.0
2019-09-05 21:00:00,0.0,99.0
2019-09-05 22:00:00,0.0,99.0
2019-09-05 23:00:00,0.0,99.0
2019-09-06 00:00:00,0.0,99.0
2019-09-06 01:00:00,0.0,99.0
2019-09-06 02:00:00,0.0,99.0
2019-09-06 03:00:00,0.0,99.0
2019-09-06 04:00:00,0.0,99.0
2019-09-06 05:00:00,0.0,99.0
2019-09-06 06:00:00,0.0,99.0
2019-09-06 07:00:00,0.0,99.0
2019-09-06 08:00:00,0.0,99.0
2019-09-06 09:00:00,0.0,99.0
2019-09-06 10:00:00,0.0,99.0
2019-09-06 11:00:00,0.0,99.0
2019-09-06 12:00:00,0.0,99.0
2019-09-06 13:00:00,0.0,99.0
2019-09-06 14:00:00,0.0,99.0
2019-09-06 15:00:00,0.0,94.61
2019-09-06 16:00:00,0.0,92.0
2019-09-06 17:00:00,0.0,93.88611111111112
2019-09-06 18:00:00,0.0,95.41027777777778
2019-09-06 19:00:00,0.0,96.3363888888889
2019-09-06 20:00:00,0.0,98.53638888888888
2019-09-06 21:00:00,0.0,99.0
2019-09-06 22:00:00,0.0,99.0
2019-09-06 23:00:00,0.0,99.0
2019-09-07 00:00:00,0.0,99.0
2019-09-07 01:00:00,0.0,99.0
2019-09-07 02:00:00,0.0,99.0
2019-09-07 03:00:00,0.0,99.0
2019-09-07 04:00:00,0.0,99.0
2019-09-07 05:00:00,0.0,99.0
2019-09-07 06:00:00,0.0,99.0
2019-09-07 07:00:00,0.0,99.0
2019-09-07 08:00:00,0.0,99.0
2019-09-07 09:00:00,0.0,99.0
2019-09-07 10:00:00,0.0,99.0
2019-09-07 11:00:00,0.0,99.0
2019-09-07 12:00:00,0.0,96.04
2019-09-07 13:00:00,0.0,90.61999999999999
2019-09-07 14:00:00,0.0,85.00666666666666
2019-09-07 15:00:00,0.0,83.58055555555556
2019-09-07 16:00:00,0.0,86.17444444444445
2019-09-07 17:00:00,0.0,89.68722222222223
2019-09-07 18:00:00,0.0,92.76722222222223
2019-09-07 19:00:00,0.0,95.25694444444444
2019-09-07 20:00:00,0.0,97.37694444444445
2019-09-07 21:00:00,0.0,99.0
2019-09-07 22:00:00,0.0,99.0
2019-09-07 23:00:00,0.0,99.0
2019-09-08 00:00:00,0.0,99.0
2019-09-08 01:00:00,0.0,99.0
2019-09-08 02:00:00,0.0,99.0
2019-09-08 03:00:00,0.0,99.0
2019-09-08 04:00:00,0.0,99.0
2019-09-08 05:00:00,0.0,99.0
2019-09-08 06:00:00,0.0,99.0
2019-09-08 07:00:00,0.0,99.0
2019-09-08 08:00:00,0.0,99.0
2019-09-08 09:00:00,0.0,99.0
2019-09-08 10:00:00,0.0,99.0
2019-09-08 11:00:00,0.0,93.37444444444444
2019-09-08 12:00:00,0.0,80.85055555555556
2019-09-08 13:00:00,0.0,74.72166666666665
2019-09-08 14:00:00,0.0,72.12388888888889
2019-09-08 15:00:00,0.0,71.22666666666666
2019-09-08 16:00:00,0.0,71.30638888888889
2019-09-08 17:00:00,0.0,72.34166666666667
2019-09-08 18:00:00,0.0,75.16416666666667
2019-09-08 19:00:00,0.0,78.91416666666667
2019-09-08 20:00:00,0.0,84.81666666666665
2019-09-08 21:00:00,0.0,87.0
2019-09-08 22:00:00,0.0,88.04416666666667
2019-09-08 23:00:00,0.0,90.0
2019-09-09 00:00:00,0.0,91.0
2019-09-09 01:00:00,0.0,93.155
2019-09-09 02:00:00,0.0,95.0
2019-09-09 03:00:00,0.0,96.04444444444445
2019-09-09 04:00:00,0.0,97.0
2019-09-09 05:00:00,0.0,97.0
2019-09-09 06:00:00,0.0,96.0
2019-09-09 07:00:00,0.0,96.0
2019-09-09 08:00:00,0.0,94.64888888888889
2019-09-09 09:00:00,0.0,91.65333333333334
2019-09-09 10:00:00,0.0,88.72888888888889
2019-09-09 11:00:00,0.0,86.61333333333333
2019-09-09 12:00:00,0.0,82.39555555555556
2019-09-09 13:00:00,0.0,80.19555555555556
2019-09-09 14:00:00,0.0,78.41722222222221
2019-09-09 15:00:00,0.0,78.32472222222222
2019-09-09 16:00:00,0.0,80.48944444444444
2019-09-09 17:00:00,0.0,83.0
2019-09-09 18:00:00,0.0,83.24944444444445
2019-09-09 19:00:00,0.0,86.79694444444445
2019-09-09 20:00:00,0.0,91.7561111111111
2019-09-09 21:00:00,0.0,94.17805555555557
2019-09-09 22:00:00,0.0,96.08472222222221
2019-09-09 23:00:00,0.0,98.12472222222223
2019-09-10 00:00:00,0.0,99.0
2019-09-10 01:00:00,0.0,99.0
2019-09-10 02:00:00,0.0,99.0
2019-09-10 03:00:00,0.0,99.0
2019-09-10 04:00:00,0.0,99.0
2019-09-10 05:00:00,0.0,99.0
2019-09-10 06:00:00,0.0,99.0
2019-09-10 07:00:00,0.0,99.0
2019-09-10 08:00:00,0.0,99.0
2019-09-10 09:00:00,0.0,99.0
2019-09-10 10:00:00,0.0,99.0
2019-09-10 11:00:00,0.0,99.0
2019-09-10 12:00:00,0.0,99.0
2019-09-10 13:00:00,0.0,97.69611111111111
2019-09-10 14:00:00,0.0,92.6375
2019-09-10 15:00:00,0.0,92.0
2019-09-10 16:00:00,0.0,90.44277777777778
2019-09-10 17:00:00,0.0,89.68805555555556
2019-09-10 18:00:00,0.0,91.02388888888889
2019-09-10 19:00:00,0.0,93.0
2019-09-10 20:00:00,0.0,94.37055555555555
2019-09-10 21:00:00,0.0,97.28555555555555
2019-09-10 22:00:00,0.0,99.0
2019-09-10 23:00:00,0.0,99.0
2019-09-11 00:00:00,0.0,99.0
2019-09-11 01:00:00,0.0,99.0
2019-09-11 02:00:00,0.0,99.0
2019-09-11 03:00:00,0.0,99.0
2019-09-11 04:00:00,0.0,99.0
2019-09-11 05:00:00,0.0,99.0
2019-09-11 06:00:00,0.0,99.0
2019-09-11 07:00:00,0.0,99.0
2019-09-11 08:00:00,0.0,99.0
2019-09-11 09:00:00,0.0,99.0
2019-09-11 10:00:00,0.0,85.69083333333332
2019-09-11 11:00:00,0.0,80.03
2019-09-11 12:00:00,0.0,77.61166666666666
2019-09-11 13:00:00,0.0,80.24416666666667
2019-09-11 14:00:00,0.0,82.93166666666664
2019-09-11 15:00:00,0.0,83.3125
2019-09-11 16:00:00,0.0,90.39916666666666
2019-09-11 17:00:00,0.0,95.8575
2019-09-11 18:00:00,0.0,99.0
2019-09-11 19:00:00,0.0,99.0
2019-09-11 20:00:00,0.0,99.0
2019-09-11 21:00:00,0.0,99.0
2019-09-11 22:00:00,0.0,99.0
2019-09-11 23:00:00,0.0,99.0
2019-09-12 00:00:00,0.0,99.0
2019-09-12 01:00:00,0.0,99.0
2019-09-12 02:00:00,0.0,99.0
2019-09-12 03:00:00,0.0,99.0
2019-09-12 04:00:00,0.0,99.0
2019-09-12 05:00:00,0.0,99.0
2019-09-12 06:00:00,0.0,99.0
2019-09-12 07:00:00,0.0,99.0
2019-09-12 08:00:00,0.0,99.0
2019-09-12 09:00:00,0.0,99.0
2019-09-12 10:00:00,0.0,99.0
2019-09-12 11:00:00,0.0,99.0
2019-09-12 12:00:00,0.0,96.26833333333333
2019-09-12 13:00:00,0.0,90.2875
2019-09-12 14:00:00,0.0,86.2
2019-09-12 15:00:00,0.0,85.39416666666668
2019-09-12 16:00:00,0.0,84.12527777777777
2019-09-12 17:00:00,0.0,87.2
2019-09-12 18:00:00,0.0,85.15333333333334
2019-09-12 19:00:00,0.0,86.44
2019-09-12 20:00:00,0.0,88.62666666666668
2019-09-12 21:00:00,0.0,93.94666666666667
2019-09-12 22:00:00,0.0,96.33333333333331
2019-09-12 23:00:00,0.0,99.0
2019-09-13 00:00:00,0.0,99.0
2019-09-13 01:00:00,0.0,99.0
2019-09-13 02:00:00,0.0,99.0
2019-09-13 03:00:00,0.0,99.0
2019-09-13 04:00:00,0.0,99.0
2019-09-13 05:00:00,0.0,99.0
2019-09-13 06:00:00,0.0,99.0
2019-09-13 07:00:00,0.0,99.0
2019-09-13 08:00:00,0.0,99.0
2019-09-13 09:00:00,0.0,99.0
2019-09-13 10:00:00,0.0,99.0
2019-09-13 11:00:00,0.0,99.0
2019-09-13 12:00:00,0.0,99.0
2019-09-13 13:00:00,0.0,70.03944444444444
2019-09-13 14:00:00,0.0,68.59361111111112
2019-09-13 15:00:00,0.0,70.42027777777777
2019-09-13 16:00:00,0.0,72.18666666666667
2019-09-13 17:00:00,0.0,73.14055555555555
2019-09-13 18:00:00,0.0,75.91499999999999
2019-09-13 19:00:00,0.0,79.15388888888889
2019-09-13 20:00:00,0.0,82.5488888888889
2019-09-13 21:00:00,0.0,85.0
2019-09-13 22:00:00,0.0,83.79888888888887
2019-09-13 23:00:00,0.0,83.72111111111111
2019-09-14 00:00:00,0.0,86.0
2019-09-14 01:00:00,0.0,87.0
2019-09-14 02:00:00,0.0,87.92611111111111
2019-09-14 03:00:00,0.0,88.54055555555554
2019-09-14 04:00:00,0.0,90.1275
2019-09-14 05:00:00,0.0,92.39416666666666
2019-09-14 06:00:00,0.0,94.0
2019-09-14 07:00:00,0.0,94.92583333333333
2019-09-14 08:00:00,0.0,91.56833333333334
2019-09-14 09:00:00,0.0,83.06750000000001
2019-09-14 10:00:00,0.0,75.51666666666667
2019-09-14 11:00:00,0.0,71.85750000000002
2019-09-14 12:00:00,0.0,70.03416666666665
2019-09-14 13:00:00,0.0,69.34666666666666
2019-09-14 14:00:00,0.0,69.77333333333333
2019-09-14 15:00:00,0.0,70.48166666666665
2019-09-14 16:00:00,0.0,71.82694444444445
2019-09-14 17:00:00,0.0,74.44222222222221
2019-09-14 18:00:00,0.0,77.38333333333334
2019-09-14 19:00:00,0.0,81.46555555555555
2019-09-14 20:00:00,0.0,88.55111111111111
2019-09-14 21:00:00,0.0,90.0
2019-09-14 22:00:00,0.0,88.74666666666667
2019-09-14 23:00:00,0.0,91.77777777777779
2019-09-15 00:00:00,0.0,97.57777777777778
2019-09-15 01:00:00,0.0,99.0
2019-09-15 02:00:00,0.0,99.0
2019-09-15 03:00:00,0.0,99.0
2019-09-15 04:00:00,0.0,99.0
2019-09-15 05:00:00,0.0,99.0
2019-09-15 06:00:00,0.0,99.0
2019-09-15 07:00:00,0.0,99.0
2019-09-15 08:00:00,0.0,99.0
2019-09-15 09:00:00,0.0,99.0
2019-09-15 10:00:00,0.0,99.0
2019-09-15 11:00:00,0.0,99.0
2019-09-15 12:00:00,0.0,96.41305555555556
2019-09-15 13:00:00,0.0,88.76222222222223
2019-09-15 14:00:00,0.0,82.7863888888889
2019-09-15 15:00:00,0.0,79.93861111111111
2019-09-15 16:00:00,0.0,80.12999999999998
2019-09-15 17:00:00,0.0,79.35833333333333
2019-09-15 18:00:00,0.0,81.52333333333333
2019-09-15 19:00:00,0.0,83.155
2019-09-15 20:00:00,0.0,84.55166666666668
2019-09-15 21:00:00,0.0,85.0
2019-09-15 22:00:00,0.0,86.24833333333332
2019-09-15 23:00:00,0.0,87.96499999999999
2019-09-16 00:00:00,0.0,87.33833333333334
2019-09-16 01:00:00,0.0,87.0
2019-09-16 02:00:00,0.0,86.315
2019-09-16 03:00:00,0.0,87.0
2019-09-16 04:00:00,0.0,88.0
2019-09-16 05:00:00,0.0,89.0
2019-09-16 06:00:00,0.0,90.0
2019-09-16 07:00:00,0.0,87.7075
2019-09-16 08:00:00,0.0,83.85888888888888
2019-09-16 09:00:00,0.0,78.00555555555556
2019-09-16 10:00:00,0.0,73.13416666666667
2019-09-16 11:00:00,0.0,69.7475
2019-09-16 12:00:00,0.0,66.60472222222222
2019-09-16 13:00:00,0.0,65.10666666666665
2019-09-16 14:00:00,0.0,64.5286111111111
2019-09-16 15:00:00,0.0,66.31083333333333
2019-09-16 16:00:00,0.0,68.96888888888888
2019-09-16 17:00:00,0.0,69.94666666666666
2019-09-16 18:00:00,0.0,73.0488888888889
2019-09-16 19:00:00,0.0,77.48888888888888
2019-09-16 20:00:00,0.0,83.03111111111112
2019-09-16 21:00:00,0.0,87.89777777777778
2019-09-16 22:00:00,0.0,90.63555555555556
2019-09-16 23:00:00,0.0,92.0
2019-09-17 00:00:00,0.0,93.0
2019-09-17 01:00:00,0.0,92.23555555555555
2019-09-17 02:00:00,0.0,94.0
2019-09-17 03:00:00,0.0,95.0
2019-09-17 04:00:00,0.0,96.0
2019-09-17 05:00:00,0.0,95.0
2019-09-17 06:00:00,0.0,94.645
2019-09-17 07:00:00,0.0,95.0
2019-09-17 08:00:00,0.0,91.28166666666665
2019-09-17 09:00:00,0.0,79.14916666666666
2019-09-17 10:00:00,0.0,72.78083333333333
2019-09-17 11:00:00,0.0,67.66916666666667
2019-09-17 12:00:00,0.0,63.77666666666667
2019-09-17 13:00:00,0.0,60.723333333333336
2019-09-17 14:00:00,0.0,57.595000000000006
2019-09-17 15:00:00,0.0,57.660000000000004
2019-09-17 16:00:00,0.0,66.52583333333332
2019-09-17 17:00:00,0.0,70.00416666666666
2019-09-17 18:00:00,0.0,80.03277777777778
2019-09-17 19:00:00,0.0,91.52166666666668
2019-09-17 20:00:00,0.0,93.0
2019-09-17 21:00:00,0.0,94.06277777777777
2019-09-17 22:00:00,0.0,96.07611111111109
2019-09-17 23:00:00,0.0,97.0
2019-09-18 00:00:00,0.0,98.0
2019-09-18 01:00:00,0.0,98.0
2019-09-18 02:00:00,0.0,99.0
2019-09-18 03:00:00,0.0,99.0
2019-09-18 04:00:00,0.0,98.0
2019-09-18 05:00:00,0.0,97.0
2019-09-18 06:00:00,0.0,96.0
2019-09-18 07:00:00,0.0,97.0
2019-09-18 08:00:00,0.0,92.3761111111111
2019-09-18 09:00:00,0.0,78.83111111111111
2019-09-18 10:00:00,0.0,71.97000000000001
2019-09-18 11:00:00,0.0,66.15222222222222
2019-09-18 12:00:00,0.0,61.39388888888889
2019-09-18 13:00:00,0.0,59.56722222222222
2019-09-18 14:00:00,0.0,59.02305555555555
2019-09-18 15:00:00,0.0,60.37944444444444
2019-09-18 16:00:00,0.0,64.3625
2019-09-18 17:00:00,0.0,67.93944444444445
2019-09-18 18:00:00,0.0,72.1225
2019-09-18 19:00:00,0.0,75.57222222222224
2019-09-18 20:00:00,0.0,79.57944444444443
2019-09-18 21:00:00,0.0,83.0461111111111
2019-09-18 22:00:00,0.0,85.71277777777779
2019-09-18 23:00:00,0.0,88.30305555555556
2019-09-19 00:00:00,0.0,91.37583333333333
2019-09-19 01:00:00,0.0,93.19027777777777
2019-09-19 02:00:00,0.0,94.15666666666668
2019-09-19 03:00:00,0.0,96.0
2019-09-19 04:00:00,0.0,95.0
2019-09-19 05:00:00,0.0,95.0
2019-09-19 06:00:00,0.0,94.79666666666667
2019-09-19 07:00:00,0.0,94.0
2019-09-19 08:00:00,0.0,95.0
2019-09-19 09:00:00,0.0,87.92666666666668
2019-09-19 10:00:00,0.0,73.97
2019-09-19 11:00:00,0.0,64.24333333333333
2019-09-19 12:00:00,0.0,59.489999999999995
2019-09-19 13:00:00,0.0,56.83666666666667
2019-09-19 14:00:00,0.0,56.61333333333333
2019-09-19 15:00:00,0.0,59.07333333333333
2019-09-19 16:00:00,0.0,61.68666666666666
2019-09-19 17:00:00,0.0,65.4011111111111
2019-09-19 18:00:00,0.0,71.22472222222221
2019-09-19 19:00:00,0.0,76.58777777777777
2019-09-19 20:00:00,0.0,81.41444444444444
2019-09-19 21:00:00,0.0,85.0
2019-09-19 22:00:00,0.0,86.84722222222223
2019-09-19 23:00:00,0.0,89.07999999999998
2019-09-20 00:00:00,0.0,90.54361111111112
2019-09-20 01:00:00,0.0,92.0
2019-09-20 02:00:00,0.0,93.0
2019-09-20 03:00:00,0.0,94.0
2019-09-20 04:00:00,0.0,94.0
2019-09-20 05:00:00,0.0,95.0
2019-09-20 06:00:00,0.0,96.0
2019-09-20 07:00:00,0.0,96.0
2019-09-20 08:00:00,0.0,96.54972222222223
2019-09-20 09:00:00,0.0,94.69888888888887
2019-09-20 10:00:00,0.0,87.71555555555554
2019-09-20 11:00:00,0.0,84.46944444444445
2019-09-20 12:00:00,0.0,80.72055555555556
2019-09-20 13:00:00,0.0,74.41111111111111
2019-09-20 14:00:00,0.0,72.2238888888889
2019-09-20 15:00:00,0.0,74.68777777777777
2019-09-20 16:00:00,0.0,78.73833333333332
2019-09-20 17:00:00,0.0,82.05833333333334
2019-09-20 18:00:00,0.0,86.35166666666667
2019-09-20 19:00:00,0.0,89.31722222222223
2019-09-20 20:00:00,0.0,91.0
2019-09-20 21:00:00,0.0,92.76833333333333
2019-09-20 22:00:00,0.0,95.0
2019-09-20 23:00:00,0.0,96.21083333333334
2019-09-21 00:00:00,0.0,98.0
2019-09-21 01:00:00,0.0,99.0
2019-09-21 02:00:00,0.0,99.0
2019-09-21 03:00:00,0.0,99.0
2019-09-21 04:00:00,0.0,98.33083333333335
2019-09-21 05:00:00,0.0,99.0
2019-09-21 06:00:00,0.0,99.0
2019-09-21 07:00:00,0.0,99.0
2019-09-21 08:00:00,0.0,99.0
2019-09-21 09:00:00,0.0,99.0
2019-09-21 10:00:00,0.0,99.0
2019-09-21 11:00:00,0.0,90.82222222222221
2019-09-21 12:00:00,0.0,78.28222222222225
2019-09-21 13:00:00,0.0,70.16222222222224
2019-09-21 14:00:00,0.0,67.13555555555556
2019-09-21 15:00:00,0.0,72.0
2019-09-21 16:00:00,0.0,70.6288888888889
2019-09-21 17:00:00,0.0,71.84888888888888
2019-09-21 18:00:00,0.0,74.76666666666667
2019-09-21 19:00:00,0.0,80.92
2019-09-21 20:00:00,0.0,87.36222222222223
2019-09-21 21:00:00,0.0,91.87611111111111
2019-09-21 22:00:00,0.0,94.22472222222223
2019-09-21 23:00:00,0.0,96.0
2019-09-22 00:00:00,0.0,97.83611111111112
2019-09-22 01:00:00,0.0,99.0
2019-09-22 02:00:00,0.0,99.0
2019-09-22 03:00:00,0.0,99.0
2019-09-22 04:00:00,0.0,99.0
2019-09-22 05:00:00,0.0,99.0
2019-09-22 06:00:00,0.0,99.0
2019-09-22 07:00:00,0.0,99.0
2019-09-22 08:00:00,0.0,99.0
2019-09-22 09:00:00,0.0,97.59
2019-09-22 10:00:00,0.0,93.97666666666667
2019-09-22 11:00:00,0.0,90.24666666666666
2019-09-22 12:00:00,0.0,85.97833333333334
2019-09-22 13:00:00,0.0,82.24166666666666
2019-09-22 14:00:00,0.0,82.51500000000001
2019-09-22 15:00:00,0.0,84.0
2019-09-22 16:00:00,0.0,85.34333333333332
2019-09-22 17:00:00,0.0,88.50499999999998
2019-09-22 18:00:00,0.0,86.65833333333333
2019-09-22 19:00:00,0.0,85.0
2019-09-22 20:00:00,0.0,86.49055555555555
2019-09-22 21:00:00,0.0,88.48138888888889
2019-09-22 22:00:00,0.0,88.25611111111111
2019-09-22 23:00:00,0.0,85.90666666666667
2019-09-23 00:00:00,0.0,85.2
2019-09-23 01:00:00,0.0,85.0
2019-09-23 02:00:00,0.0,84.05194444444444
2019-09-23 03:00:00,0.0,85.6
2019-09-23 04:00:00,0.0,85.33194444444445
2019-09-23 05:00:00,0.0,84.68
2019-09-23 06:00:00,0.0,86.54527777777778
2019-09-23 07:00:00,0.0,88.0
2019-09-23 08:00:00,0.0,88.57694444444444
2019-09-23 09:00:00,0.0,82.91222222222223
2019-09-23 10:00:00,0.0,77.48444444444445
2019-09-23 11:00:00,0.0,72.49666666666666
2019-09-23 12:00:00,0.0,68.16333333333333
2019-09-23 13:00:00,0.0,65.68
2019-09-23 14:00:00,0.0,65.42555555555556
2019-09-23 15:00:00,0.0,66.64
2019-09-23 16:00:00,0.0,68.01222222222222
2019-09-23 17:00:00,0.0,71.21000000000001
2019-09-23 18:00:00,0.0,74.45222222222222
2019-09-23 19:00:00,0.0,78.12777777777777
2019-09-23 20:00:00,0.0,83.11722222222221
2019-09-23 21:00:00,0.0,86.14583333333333
2019-09-23 22:00:00,0.0,88.625
2019-09-23 23:00:00,0.0,90.0
2019-09-24 00:00:00,0.0,89.11916666666667
2019-09-24 01:00:00,0.0,90.0
2019-09-24 02:00:00,0.0,90.7475
2019-09-24 03:00:00,0.0,91.0
2019-09-24 04:00:00,0.0,92.18583333333332
2019-09-24 05:00:00,0.0,92.0
2019-09-24 06:00:00,0.0,92.32083333333334
2019-09-24 07:00:00,0.0,91.0925
2019-09-24 08:00:00,0.0,92.0
2019-09-24 09:00:00,0.0,90.72083333333333
2019-09-24 10:00:00,0.0,88.7875
2019-09-24 11:00:00,0.0,87.0
2019-09-24 12:00:00,0.0,85.6138888888889
2019-09-24 13:00:00,0.0,83.69333333333333
2019-09-24 14:00:00,0.0,83.67944444444444
2019-09-24 15:00:00,0.0,83.75888888888889
2019-09-24 16:00:00,0.0,82.78777777777779
2019-09-24 17:00:00,0.0,83.0
2019-09-24 18:00:00,0.0,83.0
2019-09-24 19:00:00,0.0,84.0
2019-09-24 20:00:00,0.0,85.0
2019-09-24 21:00:00,0.0,86.0
2019-09-24 22:00:00,0.0,87.14611111111111
2019-09-24 23:00:00,0.0,88.0
2019-09-25 00:00:00,0.0,88.0
2019-09-25 01:00:00,0.0,88.96000000000001
2019-09-25 02:00:00,0.0,89.82694444444445
2019-09-25 03:00:00,0.0,89.74666666666667
2019-09-25 04:00:00,0.0,90.0
2019-09-25 05:00:00,0.0,91.0
2019-09-25 06:00:00,0.0,91.0
2019-09-25 07:00:00,0.0,91.0
2019-09-25 08:00:00,0.0,89.2538888888889
2019-09-25 09:00:00,0.0,85.50777777777778
2019-09-25 10:00:00,0.0,80.93416666666667
2019-09-25 11:00:00,0.0,77.24027777777778
2019-09-25 12:00:00,0.0,76.0
2019-09-25 13:00:00,0.0,74.76
2019-09-25 14:00:00,0.0,74.54666666666667
2019-09-25 15:00:00,0.0,75.85333333333332
2019-09-25 16:00:00,0.0,76.44
2019-09-25 17:00:00,0.0,78.0
2019-09-25 18:00:00,0.0,79.0
2019-09-25 19:00:00,0.0,80.11999999999999
2019-09-25 20:00:00,0.0,82.0
2019-09-25 21:00:00,0.0,83.34666666666666
2019-09-25 22:00:00,0.0,85.0
2019-09-25 23:00:00,0.0,84.44
2019-09-26 00:00:00,0.0,85.0
2019-09-26 01:00:00,0.0,84.82666666666667
2019-09-26 02:00:00,0.0,83.16027777777778
2019-09-26 03:00:00,0.0,83.0
2019-09-26 04:00:00,0.0,84.0
2019-09-26 05:00:00,0.0,85.0
2019-09-26 06:00:00,0.0,85.46638888888889
2019-09-26 07:00:00,0.0,86.0
2019-09-26 08:00:00,0.0,85.0
2019-09-26 09:00:00,0.0,83.49305555555557
2019-09-26 10:00:00,0.0,81.3463888888889
2019-09-26 11:00:00,0.0,79.11944444444445
2019-09-26 12:00:00,0.0,75.75916666666666
2019-09-26 13:00:00,0.0,73.24000000000001
2019-09-26 14:00:00,0.0,73.6
2019-09-26 15:00:00,0.0,73.28055555555555
2019-09-26 16:00:00,0.0,75.0
2019-09-26 17:00:00,0.0,76.0
2019-09-26 18:00:00,0.0,77.66777777777777
2019-09-26 19:00:00,0.0,78.42722222222223
2019-09-26 20:00:00,0.0,79.72
2019-09-26 21:00:00,0.0,80.0
2019-09-26 22:00:00,0.0,80.0
2019-09-26 23:00:00,0.0,80.0
2019-09-27 00:00:00,0.0,81.0
2019-09-27 01:00:00,0.0,82.695
2019-09-27 02:00:00,0.0,85.50833333333334
2019-09-27 03:00:00,0.0,86.32083333333334
2019-09-27 04:00:00,0.0,88.21416666666666
2019-09-27 05:00:00,0.0,90.2675
2019-09-27 06:00:00,0.0,93.21499999999999
2019-09-27 07:00:00,0.0,95.2675
2019-09-27 08:00:00,0.0,97.05416666666666
2019-09-27 09:00:00,0.0,99.0
2019-09-27 10:00:00,0.0,99.0
2019-09-27 11:00:00,0.0,99.0
2019-09-27 12:00:00,0.0,99.0
2019-09-27 13:00:00,0.0,99.0
2019-09-27 14:00:00,0.0,99.0
2019-09-27 15:00:00,0.0,99.0
2019-09-27 16:00:00,0.0,99.0
2019-09-27 17:00:00,0.0,99.0
2019-09-27 18:00:00,0.0,99.0
2019-09-27 19:00:00,0.0,99.0
2019-09-27 20:00:00,0.0,99.0
2019-09-27 21:00:00,0.0,99.0
2019-09-27 22:00:00,0.0,99.0
2019-09-27 23:00:00,0.0,99.0
2019-09-28 00:00:00,0.0,99.0
2019-09-28 01:00:00,0.0,99.0
2019-09-28 02:00:00,0.0,99.0
2019-09-28 03:00:00,0.0,99.0
2019-09-28 04:00:00,0.0,99.0
2019-09-28 05:00:00,0.0,99.0
2019-09-28 06:00:00,0.0,99.0
2019-09-28 07:00:00,0.0,99.0
2019-09-28 08:00:00,0.0,99.0
2019-09-28 09:00:00,0.0,99.0
2019-09-28 10:00:00,0.0,99.0
2019-09-28 11:00:00,0.0,99.0
2019-09-28 12:00:00,0.0,97.38166666666666
2019-09-28 13:00:00,0.0,92.11333333333333
2019-09-28 14:00:00,0.0,88.4
2019-09-28 15:00:00,0.0,89.19
2019-09-28 16:00:00,0.0,91.24166666666666
2019-09-28 17:00:00,0.0,93.74833333333332
2019-09-28 18:00:00,0.0,95.76333333333332
2019-09-28 19:00:00,0.0,98.0
2019-09-28 20:00:00,0.0,99.0
2019-09-28 21:00:00,0.0,99.0
2019-09-28 22:00:00,0.0,99.0
2019-09-28 23:00:00,0.0,99.0
2019-09-29 00:00:00,0.0,99.0
2019-09-29 01:00:00,0.0,99.0
2019-09-29 02:00:00,0.0,99.0
2019-09-29 03:00:00,0.0,99.0
2019-09-29 04:00:00,0.0,99.0
2019-09-29 05:00:00,0.0,99.0
2019-09-29 06:00:00,0.0,99.0
2019-09-29 07:00:00,0.0,99.0
2019-09-29 08:00:00,0.0,99.0
2019-09-29 09:00:00,0.0,99.0
2019-09-29 10:00:00,0.0,99.0
2019-09-29 11:00:00,0.0,98.0
2019-09-29 12:00:00,0.0,95.76666666666667
2019-09-29 13:00:00,0.0,91.84888888888888
2019-09-29 14:00:00,0.0,92.20222222222222
2019-09-29 15:00:00,0.0,94.0
2019-09-29 16:00:00,0.0,95.0
2019-09-29 17:00:00,0.0,96.17555555555556
2019-09-29 18:00:00,0.0,98.0
2019-09-29 19:00:00,0.0,99.0
2019-09-29 20:00:00,0.0,99.0
2019-09-29 21:00:00,0.0,99.0
2019-09-29 22:00:00,0.0,99.0
2019-09-29 23:00:00,0.0,99.0
2019-09-30 00:00:00,0.0,99.0
2019-09-30 01:00:00,0.0,99.0
2019-09-30 02:00:00,0.0,99.0
2019-09-30 03:00:00,0.0,99.0
2019-09-30 04:00:00,0.0,99.0
2019-09-30 05:00:00,0.0,99.0
2019-09-30 06:00:00,0.0,99.0
2019-09-30 07:00:00,0.0,99.0
2019-09-30 08:00:00,0.0,99.0
2019-09-30 09:00:00,0.0,99.0
2019-09-30 10:00:00,0.0,99.0
2019-09-30 11:00:00,0.0,97.44583333333334
2019-09-30 12:00:00,0.0,91.35388888888887
2019-09-30 13:00:00,0.0,84.18111111111111
2019-09-30 14:00:00,0.0,82.78388888888888
2019-09-30 15:00:00,0.0,80.37055555555555
2019-09-30 16:00:00,0.0,80.36777777777777
2019-09-30 17:00:00,0.0,80.75222222222222
2019-09-30 18:00:00,0.0,82.54388888888889
2019-09-30 19:00:00,0.0,82.59222222222222
2019-09-30 20:00:00,0.0,82.27222222222223
2019-09-30 21:00:00,0.0,86.02444444444444
2019-09-30 22:00:00,0.0,90.26944444444445
2019-09-30 23:00:00,0.0,92.5788888888889
2019-10-01 00:00:00,0.0,95.4961111111111
2019-10-01 01:00:00,0.0,96.33055555555555
2019-10-01 02:00:00,0.0,96.0
2019-10-01 03:00:00,0.0,97.0
2019-10-01 04:00:00,0.0,98.0
2019-10-01 05:00:00,0.0,98.0
2019-10-01 06:00:00,0.0,98.0
2019-10-01 07:00:00,0.0,97.0
2019-10-01 08:00:00,0.0,97.49027777777776
2019-10-01 09:00:00,0.0,92.30277777777776
2019-10-01 10:00:00,0.0,80.93861111111111
2019-10-01 11:00:00,0.0,76.25027777777777
2019-10-01 12:00:00,0.0,74.2975
2019-10-01 13:00:00,0.0,71.02666666666667
2019-10-01 14:00:00,0.0,72.02972222222223
2019-10-01 15:00:00,0.0,74.24305555555556
2019-10-01 16:00:00,0.0,76.0
2019-10-01 17:00:00,0.0,78.46555555555555
2019-10-01 18:00:00,0.0,82.5663888888889
2019-10-01 19:00:00,0.0,85.76666666666667
2019-10-01 20:00:00,0.0,88.98333333333333
2019-10-01 21:00:00,0.0,92.33666666666666
2019-10-01 22:00:00,0.0,94.0
2019-10-01 23:00:00,0.0,95.0
2019-10-02 00:00:00,0.0,96.0
2019-10-02 01:00:00,0.0,97.0
2019-10-02 02:00:00,0.0,97.0
2019-10-02 03:00:00,0.0,98.71000000000001
2019-10-02 04:00:00,0.0,99.0
2019-10-02 05:00:00,0.0,99.0
2019-10-02 06:00:00,0.0,99.0
2019-10-02 07:00:00,0.0,99.0
2019-10-02 08:00:00,0.0,99.0
2019-10-02 09:00:00,0.0,98.0
2019-10-02 10:00:00,0.0,98.31333333333332
2019-10-02 11:00:00,0.0,87.08333333333334
2019-10-02 12:00:00,0.0,74.36333333333333
2019-10-02 13:00:00,0.0,71.59666666666666
2019-10-02 14:00:00,0.0,70.33666666666666
2019-10-02 15:00:00,0.0,72.39
2019-10-02 16:00:00,0.0,73.96000000000001
2019-10-02 17:00:00,0.0,75.33694444444444
2019-10-02 18:00:00,0.0,78.2011111111111
2019-10-02 19:00:00,0.0,83.8375
2019-10-02 20:00:00,0.0,86.0
2019-10-02 21:00:00,0.0,87.93694444444445
2019-10-02 22:00:00,0.0,89.0
2019-10-02 23:00:00,0.0,90.0
2019-10-03 00:00:00,0.0,91.0
2019-10-03 01:00:00,0.0,89.60972222222223
2019-10-03 02:00:00,0.0,89.24972222222223
2019-10-03 03:00:00,0.0,89.0
2019-10-03 04:00:00,0.0,89.36972222222224
2019-10-03 05:00:00,0.0,90.27027777777776
2019-10-03 06:00:00,0.0,90.0
2019-10-03 07:00:00,0.0,89.68722222222223
2019-10-03 08:00:00,0.0,92.0
2019-10-03 09:00:00,0.0,89.26055555555556
2019-10-03 10:00:00,0.0,83.42444444444443
2019-10-03 11:00:00,0.0,78.84166666666667
2019-10-03 12:00:00,0.0,75.7161111111111
2019-10-03 13:00:00,0.0,72.55777777777777
2019-10-03 14:00:00,0.0,69.01722222222223
2019-10-03 15:00:00,0.0,69.30666666666667
2019-10-03 16:00:00,0.0,70.0
2019-10-03 17:00:00,0.0,70.46888888888888
2019-10-03 18:00:00,0.0,75.8288888888889
2019-10-03 19:00:00,0.0,80.07444444444444
2019-10-03 20:00:00,0.0,82.37722222222222
2019-10-03 21:00:00,0.0,84.37722222222222
2019-10-03 22:00:00,0.0,86.9011111111111
2019-10-03 23:00:00,0.0,87.55055555555555
2019-10-04 00:00:00,0.0,87.0
2019-10-04 01:00:00,0.0,86.0
2019-10-04 02:00:00,0.0,85.0
2019-10-04 03:00:00,0.0,86.0
2019-10-04 04:00:00,0.0,87.31083333333332
2019-10-04 05:00:00,0.0,87.0
2019-10-04 06:00:00,0.0,88.08416666666668
2019-10-04 07:00:00,0.0,90.50166666666668
2019-10-04 08:00:00,0.0,93.0
2019-10-04 09:00:00,0.0,92.0
2019-10-04 10:00:00,0.0,90.02749999999999
2019-10-04 11:00:00,0.0,86.39166666666667
2019-10-04 12:00:00,0.0,83.87583333333333
2019-10-04 13:00:00,0.0,81.7425
2019-10-04 14:00:00,0.0,80.14666666666668
2019-10-04 15:00:00,0.0,80.0
2019-10-04 16:00:00,0.0,79.0
2019-10-04 17:00:00,0.0,79.0
2019-10-04 18:00:00,0.0,79.88916666666667
2019-10-04 19:00:00,0.0,80.75083333333332
2019-10-04 20:00:00,0.0,80.23111111111112
2019-10-04 21:00:00,0.0,80.0
2019-10-04 22:00:00,0.0,79.0
2019-10-04 23:00:00,0.0,80.45777777777776
2019-10-05 00:00:00,0.0,82.12444444444445
2019-10-05 01:00:00,0.0,84.33777777777777
2019-10-05 02:00:00,0.0,87.42666666666668
2019-10-05 03:00:00,0.0,90.3511111111111
2019-10-05 04:00:00,0.0,92.0
2019-10-05 05:00:00,0.0,93.23111111111112
2019-10-05 06:00:00,0.0,95.0
2019-10-05 07:00:00,0.0,95.0
2019-10-05 08:00:00,0.0,95.0
2019-10-05 09:00:00,0.0,93.85777777777778
2019-10-05 10:00:00,0.0,86.42666666666665
2019-10-05 11:00:00,0.0,76.64888888888889
2019-10-05 12:00:00,0.0,69.6088888888889
2019-10-05 13:00:00,0.0,64.38222222222223
2019-10-05 14:00:00,0.0,63.75555555555556
2019-10-05 15:00:00,0.0,65.54222222222221
2019-10-05 16:00:00,0.0,66.64
2019-10-05 17:00:00,0.0,68.0
2019-10-05 18:00:00,0.0,72.31555555555556
2019-10-05 19:00:00,0.0,79.81333333333333
2019-10-05 20:00:00,0.0,83.54666666666667
2019-10-05 21:00:00,0.0,86.0
2019-10-05 22:00:00,0.0,87.0
2019-10-05 23:00:00,0.0,88.0
2019-10-06 00:00:00,0.0,89.0
2019-10-06 01:00:00,0.0,90.0
2019-10-06 02:00:00,0.0,91.0
2019-10-06 03:00:00,0.0,91.0
2019-10-06 04:00:00,0.0,90.57805555555554
2019-10-06 05:00:00,0.0,92.0
2019-10-06 06:00:00,0.0,92.92000000000002
2019-10-06 07:00:00,0.0,92.72472222222223
2019-10-06 08:00:00,0.0,94.0
2019-10-06 09:00:00,0.0,94.82194444444445
2019-10-06 10:00:00,0.0,92.83055555555555
2019-10-06 11:00:00,0.0,85.76138888888889
2019-10-06 12:00:00,0.0,74.8963888888889
2019-10-06 13:00:00,0.0,68.59833333333333
2019-10-06 14:00:00,0.0,64.66194444444446
2019-10-06 15:00:00,0.0,63.0
2019-10-06 16:00:00,0.0,64.19611111111111
2019-10-06 17:00:00,0.0,67.11611111111111
2019-10-06 18:00:00,0.0,73.35777777777778
2019-10-06 19:00:00,0.0,79.72944444444444
2019-10-06 20:00:00,0.0,82.08472222222221
2019-10-06 21:00:00,0.0,84.3913888888889
2019-10-06 22:00:00,0.0,86.21805555555555
2019-10-06 23:00:00,0.0,88.0
2019-10-07 00:00:00,0.0,89.0
2019-10-07 01:00:00,0.0,89.0
2019-10-07 02:00:00,0.0,90.0
2019-10-07 03:00:00,0.0,90.0
2019-10-07 04:00:00,0.0,91.0
2019-10-07 05:00:00,0.0,91.0
2019-10-07 06:00:00,0.0,91.0
2019-10-07 07:00:00,0.0,91.0
2019-10-07 08:00:00,0.0,91.0
2019-10-07 09:00:00,0.0,92.0
2019-10-07 10:00:00,0.0,92.74194444444444
2019-10-07 11:00:00,0.0,86.99666666666667
2019-10-07 12:00:00,0.0,75.93638888888889
2019-10-07 13:00:00,0.0,71.43055555555556
2019-10-07 14:00:00,0.0,69.1113888888889
2019-10-07 15:00:00,0.0,70.76
2019-10-07 16:00:00,0.0,71.99222222222222
2019-10-07 17:00:00,0.0,75.01805555555555
2019-10-07 18:00:00,0.0,78.04166666666667
2019-10-07 19:00:00,0.0,82.03666666666666
2019-10-07 20:00:00,0.0,84.69
2019-10-07 21:00:00,0.0,87.0
2019-10-07 22:00:00,0.0,88.0
2019-10-07 23:00:00,0.0,89.125
2019-10-08 00:00:00,0.0,91.0
2019-10-08 01:00:00,0.0,92.0
2019-10-08 02:00:00,0.0,93.0
2019-10-08 03:00:00,0.0,92.0
2019-10-08 04:00:00,0.0,91.0
2019-10-08 05:00:00,0.0,90.0
2019-10-08 06:00:00,0.0,91.15166666666666
2019-10-08 07:00:00,0.0,93.0
2019-10-08 08:00:00,0.0,94.0
2019-10-08 09:00:00,0.0,94.0
2019-10-08 10:00:00,0.0,95.0
2019-10-08 11:00:00,0.0,95.0
2019-10-08 12:00:00,0.0,94.0
2019-10-08 13:00:00,0.0,95.0
2019-10-08 14:00:00,0.0,96.0
2019-10-08 15:00:00,0.0,97.0
2019-10-08 16:00:00,0.0,98.0
2019-10-08 17:00:00,0.0,97.0
2019-10-08 18:00:00,0.0,98.0
2019-10-08 19:00:00,0.0,98.0
2019-10-08 20:00:00,0.0,98.0
2019-10-08 21:00:00,0.0,98.7947222222222
2019-10-08 22:00:00,0.0,98.0
2019-10-08 23:00:00,0.0,98.0
2019-10-09 00:00:00,0.0,98.0
2019-10-09 01:00:00,0.0,98.0
2019-10-09 02:00:00,0.0,98.0
2019-10-09 03:00:00,0.0,99.0
2019-10-09 04:00:00,0.0,99.0
2019-10-09 05:00:00,0.0,99.0
2019-10-09 06:00:00,0.0,99.0
2019-10-09 07:00:00,0.0,99.0
2019-10-09 08:00:00,0.0,99.0
2019-10-09 09:00:00,0.0,99.0
2019-10-09 10:00:00,0.0,99.0
2019-10-09 11:00:00,0.0,99.0
2019-10-09 12:00:00,0.0,96.09222222222223
2019-10-09 13:00:00,0.0,90.13777777777779
2019-10-09 14:00:00,0.0,86.34666666666665
2019-10-09 15:00:00,0.0,89.39777777777778
2019-10-09 16:00:00,0.0,89.13888888888889
2019-10-09 17:00:00,0.0,91.0
2019-10-09 18:00:00,0.0,92.57111111111111
2019-10-09 19:00:00,0.0,95.0
2019-10-09 20:00:00,0.0,96.0
2019-10-09 21:00:00,0.0,97.0
2019-10-09 22:00:00,0.0,98.0
2019-10-09 23:00:00,0.0,98.0
2019-10-10 00:00:00,0.0,98.0
2019-10-10 01:00:00,0.0,99.0
2019-10-10 02:00:00,0.0,99.0
2019-10-10 03:00:00,0.0,99.0
2019-10-10 04:00:00,0.0,99.0
2019-10-10 05:00:00,0.0,99.0
2019-10-10 06:00:00,0.0,99.0
2019-10-10 07:00:00,0.0,99.0
2019-10-10 08:00:00,0.0,99.0
2019-10-10 09:00:00,0.0,99.0
2019-10-10 10:00:00,0.0,98.0
2019-10-10 11:00:00,0.0,94.94416666666667
2019-10-10 12:00:00,0.0,90.36916666666667
2019-10-10 13:00:00,0.0,85.28222222222222
2019-10-10 14:00:00,0.0,81.28111111111112
2019-10-10 15:00:00,0.0,80.97333333333333
2019-10-10 16:00:00,0.0,82.61833333333334
2019-10-10 17:00:00,0.0,86.79888888888891
2019-10-10 18:00:00,0.0,90.0788888888889
2019-10-10 19:00:00,0.0,92.77833333333334
2019-10-10 20:00:00,0.0,96.57944444444443
2019-10-10 21:00:00,0.0,98.28611111111111
2019-10-10 22:00:00,0.0,99.0
2019-10-10 23:00:00,0.0,99.0
2019-10-11 00:00:00,0.0,99.0
2019-10-11 01:00:00,0.0,97.92722222222223
2019-10-11 02:00:00,0.0,96.0
2019-10-11 03:00:00,0.0,96.89333333333335
2019-10-11 04:00:00,0.0,97.0
2019-10-11 05:00:00,0.0,98.12638888888888
2019-10-11 06:00:00,0.0,99.0
2019-10-11 07:00:00,0.0,99.0
2019-10-11 08:00:00,0.0,99.0
2019-10-11 09:00:00,0.0,99.0
2019-10-11 10:00:00,0.0,99.0
2019-10-11 11:00:00,0.0,99.0
2019-10-11 12:00:00,0.0,99.0
2019-10-11 13:00:00,0.0,98.0
2019-10-11 14:00:00,0.0,98.0
2019-10-11 15:00:00,0.0,99.0
2019-10-11 16:00:00,0.0,99.0
2019-10-11 17:00:00,0.0,99.0
2019-10-11 18:00:00,0.0,99.0
2019-10-11 19:00:00,0.0,99.0
2019-10-11 20:00:00,0.0,99.0
2019-10-11 21:00:00,0.0,99.0
2019-10-11 22:00:00,0.0,99.0
2019-10-11 23:00:00,0.0,99.0
2019-10-12 00:00:00,0.0,99.0
2019-10-12 01:00:00,0.0,99.0
2019-10-12 02:00:00,0.0,99.0
2019-10-12 03:00:00,0.0,99.0
2019-10-12 04:00:00,0.0,99.0
2019-10-12 05:00:00,0.0,99.0
2019-10-12 06:00:00,0.0,99.0
2019-10-12 07:00:00,0.0,99.0
2019-10-12 08:00:00,0.0,99.0
2019-10-12 09:00:00,0.0,99.0
2019-10-12 10:00:00,0.0,99.0
2019-10-12 11:00:00,0.0,99.0
2019-10-12 12:00:00,0.0,96.9513888888889
2019-10-12 13:00:00,0.0,90.28111111111113
2019-10-12 14:00:00,0.0,96.40750000000001
2019-10-12 15:00:00,0.0,99.0
2019-10-12 16:00:00,0.0,99.0
2019-10-12 17:00:00,0.0,99.0
2019-10-12 18:00:00,0.0,99.0
2019-10-12 19:00:00,0.0,99.0
2019-10-12 20:00:00,0.0,99.0
2019-10-12 21:00:00,0.0,99.0
2019-10-12 22:00:00,0.0,97.6861111111111
2019-10-12 23:00:00,0.0,97.0
2019-10-13 00:00:00,0.0,96.0
2019-10-13 01:00:00,0.0,97.0
2019-10-13 02:00:00,0.0,98.42055555555557
2019-10-13 03:00:00,0.0,99.0
2019-10-13 04:00:00,0.0,99.0
2019-10-13 05:00:00,0.0,99.0
2019-10-13 06:00:00,0.0,99.0
2019-10-13 07:00:00,0.0,99.0
2019-10-13 08:00:00,0.0,99.0
2019-10-13 09:00:00,0.0,99.0
2019-10-13 10:00:00,0.0,99.0
2019-10-13 11:00:00,0.0,99.0
2019-10-13 12:00:00,0.0,91.28333333333333
2019-10-13 13:00:00,0.0,83.85750000000002
2019-10-13 14:00:00,0.0,80.83250000000001
2019-10-13 15:00:00,0.0,81.48166666666665
2019-10-13 16:00:00,0.0,85.18250000000002
2019-10-13 17:00:00,0.0,89.52916666666667
2019-10-13 18:00:00,0.0,92.575
2019-10-13 19:00:00,0.0,95.02083333333333
2019-10-13 20:00:00,0.0,96.0
2019-10-13 21:00:00,0.0,97.0
2019-10-13 22:00:00,0.0,98.0
2019-10-13 23:00:00,0.0,99.0
2019-10-14 00:00:00,0.0,99.0
2019-10-14 01:00:00,0.0,99.0
2019-10-14 02:00:00,0.0,99.0
2019-10-14 03:00:00,0.0,99.0
2019-10-14 04:00:00,0.0,99.0
2019-10-14 05:00:00,0.0,99.0
2019-10-14 06:00:00,0.0,99.0
2019-10-14 07:00:00,0.0,99.0
2019-10-14 08:00:00,0.0,99.0
2019-10-14 09:00:00,0.0,99.0
2019-10-14 10:00:00,0.0,99.0
2019-10-14 11:00:00,0.0,99.0
2019-10-14 12:00:00,0.0,99.0
2019-10-14 13:00:00,0.0,99.0
2019-10-14 14:00:00,0.0,99.0
2019-10-14 15:00:00,0.0,99.0
2019-10-14 16:00:00,0.0,99.0
2019-10-14 17:00:00,0.0,99.0
2019-10-14 18:00:00,0.0,99.0
2019-10-14 19:00:00,0.0,99.0
2019-10-14 20:00:00,0.0,99.0
2019-10-14 21:00:00,0.0,99.0
2019-10-14 22:00:00,0.0,99.0
2019-10-14 23:00:00,0.0,99.0
2019-10-15 00:00:00,0.0,99.0
2019-10-15 01:00:00,0.0,99.0
2019-10-15 02:00:00,0.0,99.0
2019-10-15 03:00:00,0.0,99.0
2019-10-15 04:00:00,0.0,99.0
2019-10-15 05:00:00,0.0,99.0
2019-10-15 06:00:00,0.0,99.0
2019-10-15 07:00:00,0.0,99.0
2019-10-15 08:00:00,0.0,99.0
2019-10-15 09:00:00,0.0,99.0
2019-10-15 10:00:00,0.0,99.0
2019-10-15 11:00:00,0.0,99.0
2019-10-15 12:00:00,0.0,99.0
2019-10-15 13:00:00,0.0,99.0
2019-10-15 14:00:00,0.0,99.0
2019-10-15 15:00:00,0.0,99.0
2019-10-15 16:00:00,0.0,99.0
2019-10-15 17:00:00,0.0,99.0
2019-10-15 18:00:00,0.0,99.0
2019-10-15 19:00:00,0.0,99.0
2019-10-15 20:00:00,0.0,99.0
2019-10-15 21:00:00,0.0,99.0
2019-10-15 22:00:00,0.0,99.0
2019-10-15 23:00:00,0.0,99.0
2019-10-16 00:00:00,0.0,99.0
2019-10-16 01:00:00,0.0,99.0
2019-10-16 02:00:00,0.0,99.0
2019-10-16 03:00:00,0.0,99.0
2019-10-16 04:00:00,0.0,99.0
2019-10-16 05:00:00,0.0,99.0
2019-10-16 06:00:00,0.0,99.0
2019-10-16 07:00:00,0.0,99.0
2019-10-16 08:00:00,0.0,99.0
2019-10-16 09:00:00,0.0,99.0
2019-10-16 10:00:00,0.0,99.0
2019-10-16 11:00:00,0.0,99.0
2019-10-16 12:00:00,0.0,99.0
2019-10-16 13:00:00,0.0,99.0
2019-10-16 14:00:00,0.0,99.0
2019-10-16 15:00:00,0.0,99.0
2019-10-16 16:00:00,0.0,99.0
2019-10-16 17:00:00,0.0,99.0
2019-10-16 18:00:00,0.0,99.0
2019-10-16 19:00:00,0.0,99.0
2019-10-16 20:00:00,0.0,99.0
2019-10-16 21:00:00,0.0,99.0
2019-10-16 22:00:00,0.0,99.0
2019-10-16 23:00:00,0.0,99.0
2019-10-17 00:00:00,0.0,99.0
2019-10-17 01:00:00,0.0,99.0
2019-10-17 02:00:00,0.0,99.0
2019-10-17 03:00:00,0.0,99.0
2019-10-17 04:00:00,0.0,99.0
2019-10-17 05:00:00,0.0,99.0
2019-10-17 06:00:00,0.0,99.0
2019-10-17 07:00:00,0.0,99.0
2019-10-17 08:00:00,0.0,99.0
2019-10-17 09:00:00,0.0,99.0
2019-10-17 10:00:00,0.0,99.0
2019-10-17 11:00:00,0.0,99.0
2019-10-17 12:00:00,0.0,99.0
2019-10-17 13:00:00,0.0,99.0
2019-10-17 14:00:00,0.0,99.0
2019-10-17 15:00:00,0.0,99.0
2019-10-17 16:00:00,0.0,99.0
2019-10-17 17:00:00,0.0,99.0
2019-10-17 18:00:00,0.0,99.0
2019-10-17 19:00:00,0.0,99.0
2019-10-17 20:00:00,0.0,99.0
2019-10-17 21:00:00,0.0,99.0
2019-10-17 22:00:00,0.0,99.0
2019-10-17 23:00:00,0.0,99.0
2019-10-18 00:00:00,0.0,99.0
2019-10-18 01:00:00,0.0,99.0
2019-10-18 02:00:00,0.0,99.0
2019-10-18 03:00:00,0.0,99.0
2019-10-18 04:00:00,0.0,99.0
2019-10-18 05:00:00,0.0,99.0
2019-10-18 06:00:00,0.0,99.0
2019-10-18 07:00:00,0.0,99.0
2019-10-18 08:00:00,0.0,99.0
2019-10-18 09:00:00,0.0,99.0
2019-10-18 10:00:00,0.0,99.0
2019-10-18 11:00:00,0.0,99.0
2019-10-18 12:00:00,0.0,99.0
2019-10-18 13:00:00,0.0,99.0
2019-10-18 14:00:00,0.0,99.0
2019-10-18 15:00:00,0.0,99.0
2019-10-18 16:00:00,0.0,99.0
2019-10-18 17:00:00,0.0,99.0
2019-10-18 18:00:00,0.0,99.0
2019-10-18 19:00:00,0.0,99.0
2019-10-18 20:00:00,0.0,99.0
2019-10-18 21:00:00,0.0,99.0
2019-10-18 22:00:00,0.0,99.0
2019-10-18 23:00:00,0.0,99.0
2019-10-19 00:00:00,0.0,99.0
2019-10-19 01:00:00,0.0,99.0
2019-10-19 02:00:00,0.0,99.0
2019-10-19 03:00:00,0.0,99.0
2019-10-19 04:00:00,0.0,99.0
2019-10-19 05:00:00,0.0,99.0
2019-10-19 06:00:00,0.0,99.0
2019-10-19 07:00:00,0.0,99.0
2019-10-19 08:00:00,0.0,99.0
2019-10-19 09:00:00,0.0,99.0
2019-10-19 10:00:00,0.0,96.38555555555556
2019-10-19 11:00:00,0.0,92.37888888888888
2019-10-19 12:00:00,0.0,91.26944444444443
2019-10-19 13:00:00,0.0,89.57333333333332
2019-10-19 14:00:00,0.0,88.56
2019-10-19 15:00:00,0.0,90.0
2019-10-19 16:00:00,0.0,91.13055555555555
2019-10-19 17:00:00,0.0,93.03722222222223
2019-10-19 18:00:00,0.0,95.11722222222222
2019-10-19 19:00:00,0.0,97.0
2019-10-19 20:00:00,0.0,98.17055555555557
2019-10-19 21:00:00,0.0,99.0
2019-10-19 22:00:00,0.0,99.0
2019-10-19 23:00:00,0.0,99.0
2019-10-20 00:00:00,0.0,99.0
2019-10-20 01:00:00,0.0,99.0
2019-10-20 02:00:00,0.0,99.0
2019-10-20 03:00:00,0.0,99.0
2019-10-20 04:00:00,0.0,99.0
2019-10-20 05:00:00,0.0,99.0
2019-10-20 06:00:00,0.0,99.0
2019-10-20 07:00:00,0.0,99.0
2019-10-20 08:00:00,0.0,99.0
2019-10-20 09:00:00,0.0,99.0
2019-10-20 10:00:00,0.0,99.0
2019-10-20 11:00:00,0.0,99.0
2019-10-20 12:00:00,0.0,99.0
2019-10-20 13:00:00,0.0,98.0
2019-10-20 14:00:00,0.0,96.00666666666666
2019-10-20 15:00:00,0.0,95.0
2019-10-20 16:00:00,0.0,96.0
2019-10-20 17:00:00,0.0,97.0
2019-10-20 18:00:00,0.0,98.51777777777778
2019-10-20 19:00:00,0.0,99.0
2019-10-20 20:00:00,0.0,99.0
2019-10-20 21:00:00,0.0,99.0
2019-10-20 22:00:00,0.0,99.0
2019-10-20 23:00:00,0.0,99.0
2019-10-21 00:00:00,0.0,99.0
2019-10-21 01:00:00,0.0,99.0
2019-10-21 02:00:00,0.0,99.0
2019-10-21 03:00:00,0.0,99.0
2019-10-21 04:00:00,0.0,99.0
2019-10-21 05:00:00,0.0,99.0
2019-10-21 06:00:00,0.0,99.0
2019-10-21 07:00:00,0.0,99.0
2019-10-21 08:00:00,0.0,99.0
2019-10-21 09:00:00,0.0,99.0
2019-10-21 10:00:00,0.0,97.93527777777778
2019-10-21 11:00:00,0.0,96.0
2019-10-21 12:00:00,0.0,94.33527777777778
2019-10-21 13:00:00,0.0,91.73916666666666
2019-10-21 14:00:00,0.0,88.81527777777777
2019-10-21 15:00:00,0.0,87.27805555555555
2019-10-21 16:00:00,0.0,89.03805555555556
2019-10-21 17:00:00,0.0,91.18472222222222
2019-10-21 18:00:00,0.0,93.0
2019-10-21 19:00:00,0.0,94.13166666666667
2019-10-21 20:00:00,0.0,95.0
2019-10-21 21:00:00,0.0,95.0
2019-10-21 22:00:00,0.0,95.0
2019-10-21 23:00:00,0.0,96.0
2019-10-22 00:00:00,0.0,96.0
2019-10-22 01:00:00,0.0,96.0
2019-10-22 02:00:00,0.0,97.0
2019-10-22 03:00:00,0.0,98.0
2019-10-22 04:00:00,0.0,99.0
2019-10-22 05:00:00,0.0,99.0
2019-10-22 06:00:00,0.0,99.0
2019-10-22 07:00:00,0.0,99.0
2019-10-22 08:00:00,0.0,99.0
2019-10-22 09:00:00,0.0,99.0
2019-10-22 10:00:00,0.0,99.0
2019-10-22 11:00:00,0.0,99.0
2019-10-22 12:00:00,0.0,97.31083333333332
2019-10-22 13:00:00,0.0,92.3002777777778
2019-10-22 14:00:00,0.0,85.84277777777778
2019-10-22 15:00:00,0.0,85.49194444444444
2019-10-22 16:00:00,0.0,87.0
2019-10-22 17:00:00,0.0,89.43583333333332
2019-10-22 18:00:00,0.0,90.72416666666666
2019-10-22 19:00:00,0.0,87.28138888888888
2019-10-22 20:00:00,0.0,86.06666666666666
2019-10-22 21:00:00,0.0,86.62666666666668
2019-10-22 22:00:00,0.0,87.86666666666666
2019-10-22 23:00:00,0.0,89.0
2019-10-23 00:00:00,0.0,90.0
2019-10-23 01:00:00,0.0,91.0
2019-10-23 02:00:00,0.0,92.0
2019-10-23 03:00:00,0.0,92.0
2019-10-23 04:00:00,0.0,92.0
2019-10-23 05:00:00,0.0,92.0
2019-10-23 06:00:00,0.0,92.98666666666668
2019-10-23 07:00:00,0.0,93.0
2019-10-23 08:00:00,0.0,92.0
2019-10-23 09:00:00,0.0,89.03333333333332
2019-10-23 10:00:00,0.0,82.82999999999998
2019-10-23 11:00:00,0.0,79.90777777777778
2019-10-23 12:00:00,0.0,79.06888888888889
2019-10-23 13:00:00,0.0,76.66777777777779
2019-10-23 14:00:00,0.0,75.47916666666667
2019-10-23 15:00:00,0.0,77.77083333333333
2019-10-23 16:00:00,0.0,81.89166666666667
2019-10-23 17:00:00,0.0,85.18333333333334
2019-10-23 18:00:00,0.0,90.4375
2019-10-23 19:00:00,0.0,93.89166666666667
2019-10-23 20:00:00,0.0,96.81166666666668
2019-10-23 21:00:00,0.0,99.0
2019-10-23 22:00:00,0.0,98.0
2019-10-23 23:00:00,0.0,99.0
2019-10-24 00:00:00,0.0,99.0
2019-10-24 01:00:00,0.0,99.0
2019-10-24 02:00:00,0.0,99.0
2019-10-24 03:00:00,0.0,99.0
2019-10-24 04:00:00,0.0,99.0
2019-10-24 05:00:00,0.0,99.0
2019-10-24 06:00:00,0.0,99.0
2019-10-24 07:00:00,0.0,98.0
2019-10-24 08:00:00,0.0,98.0
2019-10-24 09:00:00,0.0,98.0
2019-10-24 10:00:00,0.0,97.38833333333334
2019-10-24 11:00:00,0.0,93.57555555555558
2019-10-24 12:00:00,0.0,88.52222222222223
2019-10-24 13:00:00,0.0,84.17444444444443
2019-10-24 14:00:00,0.0,82.10611111111112
2019-10-24 15:00:00,0.0,84.71888888888888
2019-10-24 16:00:00,0.0,87.0
2019-10-24 17:00:00,0.0,88.09305555555555
2019-10-24 18:00:00,0.0,89.66666666666667
2019-10-24 19:00:00,0.0,92.39916666666666
2019-10-24 20:00:00,0.0,95.0
2019-10-24 21:00:00,0.0,94.31972222222223
2019-10-24 22:00:00,0.0,96.0
2019-10-24 23:00:00,0.0,96.0
2019-10-25 00:00:00,0.0,97.35972222222222
2019-10-25 01:00:00,0.0,99.0
2019-10-25 02:00:00,0.0,99.0
2019-10-25 03:00:00,0.0,99.0
2019-10-25 04:00:00,0.0,99.0
2019-10-25 05:00:00,0.0,98.0
2019-10-25 06:00:00,0.0,95.02666666666667
2019-10-25 07:00:00,0.0,90.24
2019-10-25 08:00:00,0.0,92.77333333333333
2019-10-25 09:00:00,0.0,91.54666666666665
2019-10-25 10:00:00,0.0,88.16
2019-10-25 11:00:00,0.0,85.59999999999998
2019-10-25 12:00:00,0.0,82.70666666666666
2019-10-25 13:00:00,0.0,80.80000000000001
2019-10-25 14:00:00,0.0,81.90666666666668
2019-10-25 15:00:00,0.0,82.92
2019-10-25 16:00:00,0.0,89.74666666666667
2019-10-25 17:00:00,0.0,97.04055555555556
2019-10-25 18:00:00,0.0,99.0
2019-10-25 19:00:00,0.0,99.0
2019-10-25 20:00:00,0.0,99.0
2019-10-25 21:00:00,0.0,99.0
2019-10-25 22:00:00,0.0,99.0
2019-10-25 23:00:00,0.0,99.0
2019-10-26 00:00:00,0.0,99.0
2019-10-26 01:00:00,0.0,99.0
2019-10-26 02:00:00,0.0,99.0
2019-10-26 03:00:00,0.0,99.0
2019-10-26 04:00:00,0.0,99.0
2019-10-26 05:00:00,0.0,99.0
2019-10-26 06:00:00,0.0,99.0
2019-10-26 07:00:00,0.0,99.0
2019-10-26 08:00:00,0.0,99.0
2019-10-26 09:00:00,0.0,99.0
2019-10-26 10:00:00,0.0,99.0
2019-10-26 11:00:00,0.0,99.0
2019-10-26 12:00:00,0.0,99.0
2019-10-26 13:00:00,0.0,99.0
2019-10-26 14:00:00,0.0,99.0
2019-10-26 15:00:00,0.0,99.0
2019-10-26 16:00:00,0.0,99.0
2019-10-26 17:00:00,0.0,99.0
2019-10-26 18:00:00,0.0,99.0
2019-10-26 19:00:00,0.0,99.0
2019-10-26 20:00:00,0.0,99.0
2019-10-26 21:00:00,0.0,99.0
2019-10-26 22:00:00,0.0,99.0
2019-10-26 23:00:00,0.0,99.0
2019-10-27 00:00:00,0.0,99.0
2019-10-27 01:00:00,0.0,99.0
2019-10-27 02:00:00,0.0,99.0
2019-10-27 03:00:00,0.0,99.0
2019-10-27 04:00:00,0.0,99.0
2019-10-27 05:00:00,0.0,99.0
2019-10-27 06:00:00,0.0,99.0
2019-10-27 07:00:00,0.0,99.0
2019-10-27 08:00:00,0.0,99.0
2019-10-27 09:00:00,0.0,99.0
2019-10-27 10:00:00,0.0,99.0
2019-10-27 11:00:00,0.0,99.0
2019-10-27 12:00:00,0.0,99.0
2019-10-27 13:00:00,0.0,99.0
2019-10-27 14:00:00,0.0,99.0
2019-10-27 15:00:00,0.0,99.0
2019-10-27 16:00:00,0.0,99.0
2019-10-27 17:00:00,0.0,99.0
2019-10-27 18:00:00,0.0,99.0
2019-10-27 19:00:00,0.0,99.0
2019-10-27 20:00:00,0.0,99.0
2019-10-27 21:00:00,0.0,99.0
2019-10-27 22:00:00,0.0,99.0
2019-10-27 23:00:00,0.0,99.0
2019-10-28 00:00:00,0.0,99.0
2019-10-28 01:00:00,0.0,99.0
2019-10-28 02:00:00,0.0,99.0
2019-10-28 03:00:00,0.0,99.0
2019-10-28 04:00:00,0.0,99.0
2019-10-28 05:00:00,0.0,99.0
2019-10-28 06:00:00,0.0,99.0
2019-10-28 07:00:00,0.0,99.0
2019-10-28 08:00:00,0.0,99.0
2019-10-28 09:00:00,0.0,99.0
2019-10-28 10:00:00,0.0,99.0
2019-10-28 11:00:00,0.0,99.0
2019-10-28 12:00:00,0.0,99.0
2019-10-28 13:00:00,0.0,99.0
2019-10-28 14:00:00,0.0,99.0
2019-10-28 15:00:00,0.0,99.0
2019-10-28 16:00:00,0.0,99.0
2019-10-28 17:00:00,0.0,99.0
2019-10-28 18:00:00,0.0,99.0
2019-10-28 19:00:00,0.0,99.0
2019-10-28 20:00:00,0.0,99.0
2019-10-28 21:00:00,0.0,99.0
2019-10-28 22:00:00,0.0,99.0
2019-10-28 23:00:00,0.0,99.0
2019-10-29 00:00:00,0.0,99.0
2019-10-29 01:00:00,0.0,99.0
2019-10-29 02:00:00,0.0,99.0
2019-10-29 03:00:00,0.0,99.0
2019-10-29 04:00:00,0.0,99.0
2019-10-29 05:00:00,0.0,99.0
2019-10-29 06:00:00,0.0,99.0
2019-10-29 07:00:00,0.0,99.0
2019-10-29 08:00:00,0.0,99.0
2019-10-29 09:00:00,0.0,99.0
2019-10-29 10:00:00,0.0,99.0
2019-10-29 11:00:00,0.0,99.0
2019-10-29 12:00:00,0.0,99.0
2019-10-29 13:00:00,0.0,99.0
2019-10-29 14:00:00,0.0,99.0
2019-10-29 15:00:00,0.0,99.0
2019-10-29 16:00:00,0.0,99.0
2019-10-29 17:00:00,0.0,99.0
2019-10-29 18:00:00,0.0,99.0
2019-10-29 19:00:00,0.0,99.0
2019-10-29 20:00:00,0.0,99.0
2019-10-29 21:00:00,0.0,99.0
2019-10-29 22:00:00,0.0,99.0
2019-10-29 23:00:00,0.0,99.0
2019-10-30 00:00:00,0.0,99.0
2019-10-30 01:00:00,0.0,99.0
2019-10-30 02:00:00,0.0,99.0
2019-10-30 03:00:00,0.0,99.0
2019-10-30 04:00:00,0.0,99.0
2019-10-30 05:00:00,0.0,99.0
2019-10-30 06:00:00,0.0,99.0
2019-10-30 07:00:00,0.0,99.0
2019-10-30 08:00:00,0.0,99.0
2019-10-30 09:00:00,0.0,99.0
2019-10-30 10:00:00,0.0,99.0
2019-10-30 11:00:00,0.0,99.0
2019-10-30 12:00:00,0.0,99.0
2019-10-30 13:00:00,0.0,99.0
2019-10-30 14:00:00,0.0,99.0
2019-10-30 15:00:00,0.0,99.0
2019-10-30 16:00:00,0.0,99.0
2019-10-30 17:00:00,0.0,99.0
2019-10-30 18:00:00,0.0,99.0
2019-10-30 19:00:00,0.0,99.0
2019-10-30 20:00:00,0.0,99.0
2019-10-30 21:00:00,0.0,99.0
2019-10-30 22:00:00,0.0,99.0
2019-10-30 23:00:00,0.0,99.0
2019-10-31 00:00:00,0.0,99.0
2019-10-31 01:00:00,0.0,99.0
2019-10-31 02:00:00,0.0,99.0
2019-10-31 03:00:00,0.0,99.0
2019-10-31 04:00:00,0.0,99.0
2019-10-31 05:00:00,0.0,99.0
2019-10-31 06:00:00,0.0,99.0
2019-10-31 07:00:00,0.0,99.0
2019-10-31 08:00:00,0.0,99.0
2019-10-31 09:00:00,0.0,99.0
2019-10-31 10:00:00,0.0,99.0
2019-10-31 11:00:00,0.0,99.0
2019-10-31 12:00:00,0.0,99.0
2019-10-31 13:00:00,0.0,99.0
2019-10-31 14:00:00,0.0,99.0
2019-10-31 15:00:00,0.0,99.0
2019-10-31 16:00:00,0.0,99.0
2019-10-31 17:00:00,0.0,99.0
2019-10-31 18:00:00,0.0,99.0
2019-10-31 19:00:00,0.0,99.0
2019-10-31 20:00:00,0.0,99.0
2019-10-31 21:00:00,0.0,99.0
2019-10-31 22:00:00,0.0,99.0
2019-10-31 23:00:00,0.0,99.0
2019-11-01 00:00:00,0.0,99.0
2019-11-01 01:00:00,0.0,99.0
2019-11-01 02:00:00,0.0,99.0
2019-11-01 03:00:00,0.0,99.0
2019-11-01 04:00:00,0.0,99.0
2019-11-01 05:00:00,0.0,99.0
2019-11-01 06:00:00,0.0,99.0
2019-11-01 07:00:00,0.0,99.0
2019-11-01 08:00:00,0.0,99.0
2019-11-01 09:00:00,0.0,98.0
2019-11-01 10:00:00,0.0,96.99805555555555
2019-11-01 11:00:00,0.0,94.0075
2019-11-01 12:00:00,0.0,90.8913888888889
2019-11-01 13:00:00,0.0,89.14666666666668
2019-11-01 14:00:00,0.0,89.42472222222223
2019-11-01 15:00:00,0.0,90.22861111111112
2019-11-01 16:00:00,0.0,92.13527777777777
2019-11-01 17:00:00,0.0,94.0
2019-11-01 18:00:00,0.0,95.0
2019-11-01 19:00:00,0.0,95.89333333333335
2019-11-01 20:00:00,0.0,97.0
2019-11-01 21:00:00,0.0,97.0
2019-11-01 22:00:00,0.0,98.0
2019-11-01 23:00:00,0.0,99.0
2019-11-02 00:00:00,0.0,99.0
2019-11-02 01:00:00,0.0,99.0
2019-11-02 02:00:00,0.0,97.85111111111112
2019-11-02 03:00:00,0.0,97.0
2019-11-02 04:00:00,0.0,97.0
2019-11-02 05:00:00,0.0,97.85111111111112
2019-11-02 06:00:00,0.0,98.0
2019-11-02 07:00:00,0.0,98.0
2019-11-02 08:00:00,0.0,98.0
2019-11-02 09:00:00,0.0,98.98444444444445
2019-11-02 10:00:00,0.0,98.0
2019-11-02 11:00:00,0.0,96.86222222222223
2019-11-02 12:00:00,0.0,94.0
2019-11-02 13:00:00,0.0,92.70444444444443
2019-11-02 14:00:00,0.0,92.0
2019-11-02 15:00:00,0.0,91.0
2019-11-02 16:00:00,0.0,91.0
2019-11-02 17:00:00,0.0,90.0
2019-11-02 18:00:00,0.0,90.97333333333334
2019-11-02 19:00:00,0.0,90.0
2019-11-02 20:00:00,0.0,91.8875
2019-11-02 21:00:00,0.0,95.61833333333333
2019-11-02 22:00:00,0.0,98.73583333333333
2019-11-02 23:00:00,0.0,99.0
2019-11-03 00:00:00,0.0,99.0
2019-11-03 01:00:00,0.0,99.0
2019-11-03 02:00:00,0.0,99.0
2019-11-03 03:00:00,0.0,99.0
2019-11-03 04:00:00,0.0,99.0
2019-11-03 05:00:00,0.0,99.0
2019-11-03 06:00:00,0.0,99.0
2019-11-03 07:00:00,0.0,99.0
2019-11-03 08:00:00,0.0,99.0
2019-11-03 09:00:00,0.0,99.0
2019-11-03 10:00:00,0.0,99.0
2019-11-03 11:00:00,0.0,99.0
2019-11-03 12:00:00,0.0,99.0
2019-11-03 13:00:00,0.0,99.0
2019-11-03 14:00:00,0.0,99.0
2019-11-03 15:00:00,0.0,99.0
2019-11-03 16:00:00,0.0,99.0
2019-11-03 17:00:00,0.0,99.0
2019-11-03 18:00:00,0.0,99.0
2019-11-03 19:00:00,0.0,99.0
2019-11-03 20:00:00,0.0,99.0
2019-11-03 21:00:00,0.0,99.0
2019-11-03 22:00:00,0.0,99.0
2019-11-03 23:00:00,0.0,99.0
2019-11-04 00:00:00,0.0,99.0
2019-11-04 01:00:00,0.0,99.0
2019-11-04 02:00:00,0.0,99.0
2019-11-04 03:00:00,0.0,99.0
2019-11-04 04:00:00,0.0,99.0
2019-11-04 05:00:00,0.0,99.0
2019-11-04 06:00:00,0.0,99.0
2019-11-04 07:00:00,0.0,99.0
2019-11-04 08:00:00,0.0,99.0
2019-11-04 09:00:00,0.0,99.0
2019-11-04 10:00:00,0.0,99.0
2019-11-04 11:00:00,0.0,99.0
2019-11-04 12:00:00,0.0,99.0
2019-11-04 13:00:00,0.0,99.0
2019-11-04 14:00:00,0.0,99.0
2019-11-04 15:00:00,0.0,97.81333333333332
2019-11-04 16:00:00,0.0,98.0
2019-11-04 17:00:00,0.0,96.85027777777778
2019-11-04 18:00:00,0.0,94.0175
2019-11-04 19:00:00,0.0,90.58055555555556
2019-11-04 20:00:00,0.0,88.0
2019-11-04 21:00:00,0.0,89.52305555555556
2019-11-04 22:00:00,0.0,91.22972222222224
2019-11-04 23:00:00,0.0,93.0
2019-11-05 00:00:00,0.0,93.0
2019-11-05 01:00:00,0.0,94.0
2019-11-05 02:00:00,0.0,93.0
2019-11-05 03:00:00,0.0,93.0
2019-11-05 04:00:00,0.0,92.0
2019-11-05 05:00:00,0.0,92.0
2019-11-05 06:00:00,0.0,90.43694444444445
2019-11-05 07:00:00,0.0,90.0
2019-11-05 08:00:00,0.0,89.0
2019-11-05 09:00:00,0.0,88.0
2019-11-05 10:00:00,0.0,86.38055555555555
2019-11-05 11:00:00,0.0,85.0
2019-11-05 12:00:00,0.0,85.03083333333332
2019-11-05 13:00:00,0.0,81.92000000000002
2019-11-05 14:00:00,0.0,81.70972222222223
2019-11-05 15:00:00,0.0,82.62666666666665
2019-11-05 16:00:00,0.0,83.42249999999999
2019-11-05 17:00:00,0.0,85.0
2019-11-05 18:00:00,0.0,86.0
2019-11-05 19:00:00,0.0,85.0163888888889
2019-11-05 20:00:00,0.0,85.56305555555555
2019-11-05 21:00:00,0.0,87.0
2019-11-05 22:00:00,0.0,87.0
2019-11-05 23:00:00,0.0,88.00305555555556
2019-11-06 00:00:00,0.0,90.24305555555557
2019-11-06 01:00:00,0.0,91.0
2019-11-06 02:00:00,0.0,90.0
2019-11-06 03:00:00,0.0,89.0
2019-11-06 04:00:00,0.0,90.0
2019-11-06 05:00:00,0.0,90.0
2019-11-06 06:00:00,0.0,90.0
2019-11-06 07:00:00,0.0,90.0
2019-11-06 08:00:00,0.0,89.0
2019-11-06 09:00:00,0.0,89.77027777777779
2019-11-06 10:00:00,0.0,87.63694444444445
2019-11-06 11:00:00,0.0,86.0
2019-11-06 12:00:00,0.0,85.0
2019-11-06 13:00:00,0.0,84.40000000000002
2019-11-06 14:00:00,0.0,85.0
2019-11-06 15:00:00,0.0,86.0
2019-11-06 16:00:00,0.0,87.0
2019-11-06 17:00:00,0.0,87.0
2019-11-06 18:00:00,0.0,87.0
2019-11-06 19:00:00,0.0,88.0
2019-11-06 20:00:00,0.0,87.0
2019-11-06 21:00:00,0.0,87.0
2019-11-06 22:00:00,0.0,87.0
2019-11-06 23:00:00,0.0,87.0
2019-11-07 00:00:00,0.0,87.0
2019-11-07 01:00:00,0.0,87.0
2019-11-07 02:00:00,0.0,86.0
2019-11-07 03:00:00,0.0,86.0
2019-11-07 04:00:00,0.0,86.0
2019-11-07 05:00:00,0.0,86.0
2019-11-07 06:00:00,0.0,86.0
2019-11-07 07:00:00,0.0,86.0
2019-11-07 08:00:00,0.0,86.0
2019-11-07 09:00:00,0.0,86.0
2019-11-07 10:00:00,0.0,84.62333333333332
2019-11-07 11:00:00,0.0,82.82666666666665
2019-11-07 12:00:00,0.0,82.0
2019-11-07 13:00:00,0.0,82.0
2019-11-07 14:00:00,0.0,83.0
2019-11-07 15:00:00,0.0,84.0
2019-11-07 16:00:00,0.0,85.0
2019-11-07 17:00:00,0.0,85.0
2019-11-07 18:00:00,0.0,86.0
2019-11-07 19:00:00,0.0,87.0
2019-11-07 20:00:00,0.0,88.04333333333332
2019-11-07 21:00:00,0.0,90.05333333333333
2019-11-07 22:00:00,0.0,90.0
2019-11-07 23:00:00,0.0,91.0
2019-11-08 00:00:00,0.0,91.0
2019-11-08 01:00:00,0.0,92.77999999999999
2019-11-08 02:00:00,0.0,95.59333333333332
2019-11-08 03:00:00,0.0,98.49666666666667
2019-11-08 04:00:00,0.0,99.0
2019-11-08 05:00:00,0.0,99.0
2019-11-08 06:00:00,0.0,99.0
2019-11-08 07:00:00,0.0,99.0
2019-11-08 08:00:00,0.0,99.0
2019-11-08 09:00:00,0.0,99.0
2019-11-08 10:00:00,0.0,99.0
2019-11-08 11:00:00,0.0,99.0
2019-11-08 12:00:00,0.0,99.0
2019-11-08 13:00:00,0.0,99.0
2019-11-08 14:00:00,0.0,99.0
2019-11-08 15:00:00,0.0,99.0
2019-11-08 16:00:00,0.0,99.0
2019-11-08 17:00:00,0.0,99.0
2019-11-08 18:00:00,0.0,99.0
2019-11-08 19:00:00,0.0,99.0
2019-11-08 20:00:00,0.0,99.0
2019-11-08 21:00:00,0.0,99.0
2019-11-08 22:00:00,0.0,99.0
2019-11-08 23:00:00,0.0,99.0
2019-11-09 00:00:00,0.0,99.0
2019-11-09 01:00:00,0.0,99.0
2019-11-09 02:00:00,0.0,53.893055555555556
2019-11-09 03:00:00,0.0,99.0
2019-11-09 04:00:00,0.0,99.0
2019-11-09 05:00:00,0.0,99.0
2019-11-09 06:00:00,0.0,98.57083333333334
2019-11-09 07:00:00,0.0,99.0
2019-11-09 08:00:00,0.0,99.0
2019-11-09 09:00:00,0.0,99.0
2019-11-09 10:00:00,0.0,99.0
2019-11-09 11:00:00,0.0,99.0
2019-11-09 12:00:00,0.0,99.0
2019-11-09 13:00:00,0.0,99.0
2019-11-09 14:00:00,0.0,99.0
2019-11-09 15:00:00,0.0,99.0
2019-11-09 16:00:00,0.0,99.0
2019-11-09 17:00:00,0.0,99.0
2019-11-09 18:00:00,0.0,99.0
2019-11-09 19:00:00,0.0,99.0
2019-11-09 20:00:00,0.0,99.0
2019-11-09 21:00:00,0.0,99.0
2019-11-09 22:00:00,0.0,99.0
2019-11-09 23:00:00,0.0,99.0
2019-11-10 00:00:00,0.0,99.0
2019-11-10 01:00:00,0.0,99.0
2019-11-10 02:00:00,0.0,99.0
2019-11-10 03:00:00,0.0,99.0
2019-11-10 04:00:00,0.0,99.0
2019-11-10 05:00:00,0.0,99.0
2019-11-10 06:00:00,0.0,99.0
2019-11-10 07:00:00,0.0,99.0
2019-11-10 08:00:00,0.0,99.0
2019-11-10 09:00:00,0.0,99.0
2019-11-10 10:00:00,0.0,99.0
2019-11-10 11:00:00,0.0,99.0
2019-11-10 12:00:00,0.0,99.0
2019-11-10 13:00:00,0.0,99.0
2019-11-10 14:00:00,0.0,99.0
2019-11-10 15:00:00,0.0,99.0
2019-11-10 16:00:00,0.0,99.0
2019-11-10 17:00:00,0.0,97.14472222222224
2019-11-10 18:00:00,0.0,99.0
2019-11-10 19:00:00,0.0,99.0
2019-11-10 20:00:00,0.0,99.0
2019-11-10 21:00:00,0.0,99.0
2019-11-10 22:00:00,0.0,99.0
2019-11-10 23:00:00,0.0,99.0
2019-11-11 00:00:00,0.0,99.0
2019-11-11 01:00:00,0.0,99.0
2019-11-11 02:00:00,0.0,99.0
2019-11-11 03:00:00,0.0,99.0
2019-11-11 04:00:00,0.0,99.0
2019-11-11 05:00:00,0.0,99.0
2019-11-11 06:00:00,0.0,99.0
2019-11-11 07:00:00,0.0,99.0
2019-11-11 08:00:00,0.0,99.0
2019-11-11 09:00:00,0.0,99.0
2019-11-11 10:00:00,0.0,99.0
2019-11-11 11:00:00,0.0,99.0
2019-11-11 12:00:00,0.0,99.0
2019-11-11 13:00:00,0.0,99.0
2019-11-11 14:00:00,0.0,99.0
2019-11-11 15:00:00,0.0,99.0
2019-11-11 16:00:00,0.0,99.0
2019-11-11 17:00:00,0.0,99.0
2019-11-11 18:00:00,0.0,99.0
2019-11-11 19:00:00,0.0,99.0
2019-11-11 20:00:00,0.0,99.0
2019-11-11 21:00:00,0.0,99.0
2019-11-11 22:00:00,0.0,99.0
2019-11-11 23:00:00,0.0,99.0
2019-11-12 00:00:00,0.0,99.0
2019-11-12 01:00:00,0.0,99.0
2019-11-12 02:00:00,0.0,99.0
2019-11-12 03:00:00,0.0,99.0
2019-11-12 04:00:00,0.0,99.0
2019-11-12 05:00:00,0.0,99.0
2019-11-12 06:00:00,0.0,99.0
2019-11-12 07:00:00,0.0,99.0
2019-11-12 08:00:00,0.0,98.0
2019-11-12 09:00:00,0.0,96.89333333333335
2019-11-12 10:00:00,0.0,98.0
2019-11-12 11:00:00,0.0,98.0
2019-11-12 12:00:00,0.0,99.0
2019-11-12 13:00:00,0.0,99.0
2019-11-12 14:00:00,0.0,99.0
2019-11-12 15:00:00,0.0,99.0
2019-11-12 16:00:00,0.0,99.0
2019-11-12 17:00:00,0.0,99.0
2019-11-12 18:00:00,0.0,99.0
2019-11-12 19:00:00,0.0,99.0
2019-11-12 20:00:00,0.0,99.0
2019-11-12 21:00:00,0.0,99.0
2019-11-12 22:00:00,0.0,99.0
2019-11-12 23:00:00,0.0,99.0
2019-11-13 00:00:00,0.0,99.0
2019-11-13 01:00:00,0.0,99.0
2019-11-13 02:00:00,0.0,99.0
2019-11-13 03:00:00,0.0,99.0
2019-11-13 04:00:00,0.0,99.0
2019-11-13 05:00:00,0.0,99.0
2019-11-13 06:00:00,0.0,99.0
2019-11-13 07:00:00,0.0,99.0
2019-11-13 08:00:00,0.0,99.0
2019-11-13 09:00:00,0.0,99.0
2019-11-13 10:00:00,0.0,99.0
2019-11-13 11:00:00,0.0,99.0
2019-11-13 12:00:00,0.0,99.0
2019-11-13 13:00:00,0.0,97.93444444444445
2019-11-13 14:00:00,0.0,96.0
2019-11-13 15:00:00,0.0,97.37222222222222
2019-11-13 16:00:00,0.0,99.0
2019-11-13 17:00:00,0.0,99.0
2019-11-13 18:00:00,0.0,99.0
2019-11-13 19:00:00,0.0,99.0
2019-11-13 20:00:00,0.0,99.0
2019-11-13 21:00:00,0.0,99.0
2019-11-13 22:00:00,0.0,99.0
2019-11-13 23:00:00,0.0,99.0
2019-11-14 00:00:00,0.0,99.0
2019-11-14 01:00:00,0.0,99.0
2019-11-14 02:00:00,0.0,99.0
2019-11-14 03:00:00,0.0,99.0
2019-11-14 04:00:00,0.0,99.0
2019-11-14 05:00:00,0.0,99.0
2019-11-14 06:00:00,0.0,99.0
2019-11-14 07:00:00,0.0,99.0
2019-11-14 08:00:00,0.0,99.0
2019-11-14 09:00:00,0.0,99.0
2019-11-14 10:00:00,0.0,99.0
2019-11-14 11:00:00,0.0,99.0
2019-11-14 12:00:00,0.0,99.0
2019-11-14 13:00:00,0.0,99.0
2019-11-14 14:00:00,0.0,99.0
2019-11-14 15:00:00,0.0,99.0
2019-11-14 16:00:00,0.0,99.0
2019-11-14 17:00:00,0.0,99.0
2019-11-14 18:00:00,0.0,99.0
2019-11-14 19:00:00,0.0,99.0
2019-11-14 20:00:00,0.0,99.0
2019-11-14 21:00:00,0.0,99.0
2019-11-14 22:00:00,0.0,99.0
2019-11-14 23:00:00,0.0,99.0
2019-11-15 00:00:00,0.0,99.0
2019-11-15 01:00:00,0.0,99.0
2019-11-15 02:00:00,0.0,99.0
2019-11-15 03:00:00,0.0,99.0
2019-11-15 04:00:00,0.0,99.0
2019-11-15 05:00:00,0.0,99.0
2019-11-15 06:00:00,0.0,99.0
2019-11-15 07:00:00,0.0,99.0
2019-11-15 08:00:00,0.0,99.0
2019-11-15 09:00:00,0.0,99.0
2019-11-15 10:00:00,0.0,99.0
2019-11-15 11:00:00,0.0,99.0
2019-11-15 12:00:00,0.0,98.0
2019-11-15 13:00:00,0.0,97.0
2019-11-15 14:00:00,0.0,96.0
2019-11-15 15:00:00,0.0,96.0
2019-11-15 16:00:00,0.0,95.0
2019-11-15 17:00:00,0.0,95.0
2019-11-15 18:00:00,0.0,95.0
2019-11-15 19:00:00,0.0,94.0
2019-11-15 20:00:00,0.0,92.52055555555556
2019-11-15 21:00:00,0.0,90.26777777777778
2019-11-15 22:00:00,0.0,89.0
2019-11-15 23:00:00,0.0,88.29277777777777
2019-11-16 00:00:00,0.0,89.0
2019-11-16 01:00:00,0.0,90.39888888888889
2019-11-16 02:00:00,0.0,93.38611111111112
2019-11-16 03:00:00,0.0,95.05277777777778
2019-11-16 04:00:00,0.0,97.93222222222222
2019-11-16 05:00:00,0.0,99.0
2019-11-16 06:00:00,0.0,99.0
2019-11-16 07:00:00,0.0,99.0
2019-11-16 08:00:00,0.0,99.0
2019-11-16 09:00:00,0.0,99.0
2019-11-16 10:00:00,0.0,99.0
2019-11-16 11:00:00,0.0,99.0
2019-11-16 12:00:00,0.0,99.0
2019-11-16 13:00:00,0.0,99.0
2019-11-16 14:00:00,0.0,99.0
2019-11-16 15:00:00,0.0,99.0
2019-11-16 16:00:00,0.0,99.0
2019-11-16 17:00:00,0.0,99.0
2019-11-16 18:00:00,0.0,99.0
2019-11-16 19:00:00,0.0,99.0
2019-11-16 20:00:00,0.0,99.0
2019-11-16 21:00:00,0.0,99.0
2019-11-16 22:00:00,0.0,99.0
2019-11-16 23:00:00,0.0,99.0
2019-11-17 00:00:00,0.0,99.0
2019-11-17 01:00:00,0.0,99.0
2019-11-17 02:00:00,0.0,99.0
2019-11-17 03:00:00,0.0,99.0
2019-11-17 04:00:00,0.0,99.0
2019-11-17 05:00:00,0.0,99.0
2019-11-17 06:00:00,0.0,99.0
2019-11-17 07:00:00,0.0,99.0
2019-11-17 08:00:00,0.0,99.0
2019-11-17 09:00:00,0.0,99.0
2019-11-17 10:00:00,0.0,99.0
2019-11-17 11:00:00,0.0,99.0
2019-11-17 12:00:00,0.0,99.0
2019-11-17 13:00:00,0.0,99.0
2019-11-17 14:00:00,0.0,99.0
2019-11-17 15:00:00,0.0,99.0
2019-11-17 16:00:00,0.0,99.0
2019-11-17 17:00:00,0.0,99.0
2019-11-17 18:00:00,0.0,99.0
2019-11-17 19:00:00,0.0,99.0
2019-11-17 20:00:00,0.0,99.0
2019-11-17 21:00:00,0.0,99.0
2019-11-17 22:00:00,0.0,99.0
2019-11-17 23:00:00,0.0,99.0
2019-11-18 00:00:00,0.0,99.0
2019-11-18 01:00:00,0.0,99.0
2019-11-18 02:00:00,0.0,99.0
2019-11-18 03:00:00,0.0,99.0
2019-11-18 04:00:00,0.0,99.0
2019-11-18 05:00:00,0.0,99.0
2019-11-18 06:00:00,0.0,99.0
2019-11-18 07:00:00,0.0,99.0
2019-11-18 08:00:00,0.0,99.0
2019-11-18 09:00:00,0.0,99.0
2019-11-18 10:00:00,0.0,99.0
2019-11-18 11:00:00,0.0,99.0
2019-11-18 12:00:00,0.0,99.0
2019-11-18 13:00:00,0.0,99.0
2019-11-18 14:00:00,0.0,99.0
2019-11-18 15:00:00,0.0,99.0
2019-11-18 16:00:00,0.0,99.0
2019-11-18 17:00:00,0.0,99.0
2019-11-18 18:00:00,0.0,99.0
2019-11-18 19:00:00,0.0,99.0
2019-11-18 20:00:00,0.0,99.0
2019-11-18 21:00:00,0.0,99.0
2019-11-18 22:00:00,0.0,99.0
2019-11-18 23:00:00,0.0,99.0
2019-11-19 00:00:00,0.0,99.0
2019-11-19 01:00:00,0.0,99.0
2019-11-19 02:00:00,0.0,99.0
2019-11-19 03:00:00,0.0,99.0
2019-11-19 04:00:00,0.0,99.0
2019-11-19 05:00:00,0.0,99.0
2019-11-19 06:00:00,0.0,99.0
2019-11-19 07:00:00,0.0,99.0
2019-11-19 08:00:00,0.0,99.0
2019-11-19 09:00:00,0.0,99.0
2019-11-19 10:00:00,0.0,99.0
2019-11-19 11:00:00,0.0,99.0
2019-11-19 12:00:00,0.0,99.0
2019-11-19 13:00:00,0.0,99.0
2019-11-19 14:00:00,0.0,99.0
2019-11-19 15:00:00,0.0,99.0
2019-11-19 16:00:00,0.0,99.0
2019-11-19 17:00:00,0.0,99.0
2019-11-19 18:00:00,0.0,99.0
2019-11-19 19:00:00,0.0,99.0
2019-11-19 20:00:00,0.0,99.0
2019-11-19 21:00:00,0.0,99.0
2019-11-19 22:00:00,0.0,99.0
2019-11-19 23:00:00,0.0,99.0
2019-11-20 00:00:00,0.0,99.0
2019-11-20 01:00:00,0.0,99.0
2019-11-20 02:00:00,0.0,99.0
2019-11-20 03:00:00,0.0,99.0
2019-11-20 04:00:00,0.0,99.0
2019-11-20 05:00:00,0.0,99.0
2019-11-20 06:00:00,0.0,99.0
2019-11-20 07:00:00,0.0,99.0
2019-11-20 08:00:00,0.0,99.0
2019-11-20 09:00:00,0.0,99.0
2019-11-20 10:00:00,0.0,99.0
2019-11-20 11:00:00,0.0,99.0
2019-11-20 12:00:00,0.0,99.0
2019-11-20 13:00:00,0.0,99.0
2019-11-20 14:00:00,0.0,99.0
2019-11-20 15:00:00,0.0,99.0
2019-11-20 16:00:00,0.0,99.0
2019-11-20 17:00:00,0.0,99.0
2019-11-20 18:00:00,0.0,99.0
2019-11-20 19:00:00,0.0,99.0
2019-11-20 20:00:00,0.0,99.0
2019-11-20 21:00:00,0.0,99.0
2019-11-20 22:00:00,0.0,99.0
2019-11-20 23:00:00,0.0,99.0
2019-11-21 00:00:00,0.0,99.0
2019-11-21 01:00:00,0.0,99.0
2019-11-21 02:00:00,0.0,99.0
2019-11-21 03:00:00,0.0,99.0
2019-11-21 04:00:00,0.0,99.0
2019-11-21 05:00:00,0.0,99.0
2019-11-21 06:00:00,0.0,99.0
2019-11-21 07:00:00,0.0,99.0
2019-11-21 08:00:00,0.0,99.0
2019-11-21 09:00:00,0.0,99.0
2019-11-21 10:00:00,0.0,99.0
2019-11-21 11:00:00,0.0,99.0
2019-11-21 12:00:00,0.0,99.0
2019-11-21 13:00:00,0.0,99.0
2019-11-21 14:00:00,0.0,99.0
2019-11-21 15:00:00,0.0,99.0
2019-11-21 16:00:00,0.0,99.0
2019-11-21 17:00:00,0.0,99.0
2019-11-21 18:00:00,0.0,99.0
2019-11-21 19:00:00,0.0,99.0
2019-11-21 20:00:00,0.0,99.0
2019-11-21 21:00:00,0.0,99.0
2019-11-21 22:00:00,0.0,99.0
2019-11-21 23:00:00,0.0,99.0
2019-11-22 00:00:00,0.0,99.0
2019-11-22 01:00:00,0.0,99.0
2019-11-22 02:00:00,0.0,99.0
2019-11-22 03:00:00,0.0,99.0
2019-11-22 04:00:00,0.0,99.0
2019-11-22 05:00:00,0.0,99.0
2019-11-22 06:00:00,0.0,99.0
2019-11-22 07:00:00,0.0,99.0
2019-11-22 08:00:00,0.0,99.0
2019-11-22 09:00:00,0.0,99.0
2019-11-22 10:00:00,0.0,99.0
2019-11-22 11:00:00,0.0,99.0
2019-11-22 12:00:00,0.0,99.0
2019-11-22 13:00:00,0.0,99.0
2019-11-22 14:00:00,0.0,99.0
2019-11-22 15:00:00,0.0,99.0
2019-11-22 16:00:00,0.0,99.0
2019-11-22 17:00:00,0.0,99.0
2019-11-22 18:00:00,0.0,99.0
2019-11-22 19:00:00,0.0,99.0
2019-11-22 20:00:00,0.0,99.0
2019-11-22 21:00:00,0.0,99.0
2019-11-22 22:00:00,0.0,99.0
2019-11-22 23:00:00,0.0,99.0
2019-11-23 00:00:00,0.0,99.0
2019-11-23 01:00:00,0.0,99.0
2019-11-23 02:00:00,0.0,99.0
2019-11-23 03:00:00,0.0,99.0
2019-11-23 04:00:00,0.0,99.0
2019-11-23 05:00:00,0.0,99.0
2019-11-23 06:00:00,0.0,99.0
2019-11-23 07:00:00,0.0,99.0
2019-11-23 08:00:00,0.0,99.0
2019-11-23 09:00:00,0.0,99.0
2019-11-23 10:00:00,0.0,99.0
2019-11-23 11:00:00,0.0,99.0
2019-11-23 12:00:00,0.0,99.0
2019-11-23 13:00:00,0.0,99.0
2019-11-23 14:00:00,0.0,99.0
2019-11-23 15:00:00,0.0,99.0
2019-11-23 16:00:00,0.0,99.0
2019-11-23 17:00:00,0.0,99.0
2019-11-23 18:00:00,0.0,99.0
2019-11-23 19:00:00,0.0,99.0
2019-11-23 20:00:00,0.0,99.0
2019-11-23 21:00:00,0.0,99.0
2019-11-23 22:00:00,0.0,99.0
2019-11-23 23:00:00,0.0,99.0
2019-11-24 00:00:00,0.0,99.0
2019-11-24 01:00:00,0.0,99.0
2019-11-24 02:00:00,0.0,99.0
2019-11-24 03:00:00,0.0,99.0
2019-11-24 04:00:00,0.0,99.0
2019-11-24 05:00:00,0.0,99.0
2019-11-24 06:00:00,0.0,99.0
2019-11-24 07:00:00,0.0,99.0
2019-11-24 08:00:00,0.0,99.0
2019-11-24 09:00:00,0.0,99.0
2019-11-24 10:00:00,0.0,99.0
2019-11-24 11:00:00,0.0,99.0
2019-11-24 12:00:00,0.0,99.0
2019-11-24 13:00:00,0.0,99.0
2019-11-24 14:00:00,0.0,99.0
2019-11-24 15:00:00,0.0,99.0
2019-11-24 16:00:00,0.0,99.0
2019-11-24 17:00:00,0.0,99.0
2019-11-24 18:00:00,0.0,99.0
2019-11-24 19:00:00,0.0,99.0
2019-11-24 20:00:00,0.0,99.0
2019-11-24 21:00:00,0.0,99.0
2019-11-24 22:00:00,0.0,99.0
2019-11-24 23:00:00,0.0,99.0
2019-11-25 00:00:00,0.0,99.0
2019-11-25 01:00:00,0.0,99.0
2019-11-25 02:00:00,0.0,99.0
2019-11-25 03:00:00,0.0,99.0
2019-11-25 04:00:00,0.0,99.0
2019-11-25 05:00:00,0.0,99.0
2019-11-25 06:00:00,0.0,99.0
2019-11-25 07:00:00,0.0,99.0
2019-11-25 08:00:00,0.0,99.0
2019-11-25 09:00:00,0.0,99.0
2019-11-25 10:00:00,0.0,99.0
2019-11-25 11:00:00,0.0,99.0
2019-11-25 12:00:00,0.0,99.0
2019-11-25 13:00:00,0.0,99.0
2019-11-25 14:00:00,0.0,99.0
2019-11-25 15:00:00,0.0,99.0
2019-11-25 16:00:00,0.0,99.0
2019-11-25 17:00:00,0.0,99.0
2019-11-25 18:00:00,0.0,99.0
2019-11-25 19:00:00,0.0,99.0
2019-11-25 20:00:00,0.0,99.0
2019-11-25 21:00:00,0.0,99.0
2019-11-25 22:00:00,0.0,99.0
2019-11-25 23:00:00,0.0,99.0
2019-11-26 00:00:00,0.0,99.0
2019-11-26 01:00:00,0.0,99.0
2019-11-26 02:00:00,0.0,99.0
2019-11-26 03:00:00,0.0,99.0
2019-11-26 04:00:00,0.0,99.0
2019-11-26 05:00:00,0.0,99.0
2019-11-26 06:00:00,0.0,99.0
2019-11-26 07:00:00,0.0,99.0
2019-11-26 08:00:00,0.0,99.0
2019-11-26 09:00:00,0.0,99.0
2019-11-26 10:00:00,0.0,99.0
2019-11-26 11:00:00,0.0,99.0
2019-11-26 12:00:00,0.0,99.0
2019-11-26 13:00:00,0.0,99.0
2019-11-26 14:00:00,0.0,99.0
2019-11-26 15:00:00,0.0,99.0
2019-11-26 16:00:00,0.0,99.0
2019-11-26 17:00:00,0.0,99.0
2019-11-26 18:00:00,0.0,99.0
2019-11-26 19:00:00,0.0,99.0
2019-11-26 20:00:00,0.0,99.0
2019-11-26 21:00:00,0.0,99.0
2019-11-26 22:00:00,0.0,99.0
2019-11-26 23:00:00,0.0,99.0
2019-11-27 00:00:00,0.0,99.0
2019-11-27 01:00:00,0.0,99.0
2019-11-27 02:00:00,0.0,99.0
2019-11-27 03:00:00,0.0,99.0
2019-11-27 04:00:00,0.0,99.0
2019-11-27 05:00:00,0.0,99.0
2019-11-27 06:00:00,0.0,99.0
2019-11-27 07:00:00,0.0,99.0
2019-11-27 08:00:00,0.0,99.0
2019-11-27 09:00:00,0.0,99.0
2019-11-27 10:00:00,0.0,99.0
2019-11-27 11:00:00,0.0,99.0
2019-11-27 12:00:00,0.0,99.0
2019-11-27 13:00:00,0.0,99.0
2019-11-27 14:00:00,0.0,99.0
2019-11-27 15:00:00,0.0,99.0
2019-11-27 16:00:00,0.0,99.0
2019-11-27 17:00:00,0.0,99.0
2019-11-27 18:00:00,0.0,99.0
2019-11-27 19:00:00,0.0,99.0
2019-11-27 20:00:00,0.0,99.0
2019-11-27 21:00:00,0.0,99.0
2019-11-27 22:00:00,0.0,99.0
2019-11-27 23:00:00,0.0,99.0
2019-11-28 00:00:00,0.0,99.0
2019-11-28 01:00:00,0.0,99.0
2019-11-28 02:00:00,0.0,99.0
2019-11-28 03:00:00,0.0,99.0
2019-11-28 04:00:00,0.0,99.0
2019-11-28 05:00:00,0.0,99.0
2019-11-28 06:00:00,0.0,99.0
2019-11-28 07:00:00,0.0,99.0
2019-11-28 08:00:00,0.0,99.0
2019-11-28 09:00:00,0.0,99.0
2019-11-28 10:00:00,0.0,99.0
2019-11-28 11:00:00,0.0,99.0
2019-11-28 12:00:00,0.0,99.0
2019-11-28 13:00:00,0.0,99.0
2019-11-28 14:00:00,0.0,99.0
2019-11-28 15:00:00,0.0,99.0
2019-11-28 16:00:00,0.0,99.0
2019-11-28 17:00:00,0.0,99.0
2019-11-28 18:00:00,0.0,99.0
2019-11-28 19:00:00,0.0,99.0
2019-11-28 20:00:00,0.0,99.0
2019-11-28 21:00:00,0.0,99.0
2019-11-28 22:00:00,0.0,99.0
2019-11-28 23:00:00,0.0,99.0
2019-11-29 00:00:00,0.0,99.0
2019-11-29 01:00:00,0.0,99.0
2019-11-29 02:00:00,0.0,99.0
2019-11-29 03:00:00,0.0,99.0
2019-11-29 04:00:00,0.0,99.0
2019-11-29 05:00:00,0.0,99.0
2019-11-29 06:00:00,0.0,99.0
2019-11-29 07:00:00,0.0,99.0
2019-11-29 08:00:00,0.0,99.0
2019-11-29 09:00:00,0.0,99.0
2019-11-29 10:00:00,0.0,99.0
2019-11-29 11:00:00,0.0,99.0
2019-11-29 12:00:00,0.0,99.0
2019-11-29 13:00:00,0.0,99.0
2019-11-29 14:00:00,0.0,99.0
2019-11-29 15:00:00,0.0,99.0
2019-11-29 16:00:00,0.0,99.0
2019-11-29 17:00:00,0.0,99.0
2019-11-29 18:00:00,0.0,99.0
2019-11-29 19:00:00,0.0,99.0
2019-11-29 20:00:00,0.0,99.0
2019-11-29 21:00:00,0.0,99.0
2019-11-29 22:00:00,0.0,99.0
2019-11-29 23:00:00,0.0,99.0
2019-11-30 00:00:00,0.0,99.0
2019-11-30 01:00:00,0.0,99.0
2019-11-30 02:00:00,0.0,99.0
2019-11-30 03:00:00,0.0,99.0
2019-11-30 04:00:00,0.0,99.0
2019-11-30 05:00:00,0.0,99.0
2019-11-30 06:00:00,0.0,99.0
2019-11-30 07:00:00,0.0,99.0
2019-11-30 08:00:00,0.0,99.0
2019-11-30 09:00:00,0.0,99.0
2019-11-30 10:00:00,0.0,99.0
2019-11-30 11:00:00,0.0,99.0
2019-11-30 12:00:00,0.0,99.0
2019-11-30 13:00:00,0.0,99.0
2019-11-30 14:00:00,0.0,99.0
2019-11-30 15:00:00,0.0,99.0
2019-11-30 16:00:00,0.0,99.0
2019-11-30 17:00:00,0.0,99.0
2019-11-30 18:00:00,0.0,99.0
2019-11-30 19:00:00,0.0,99.0
2019-11-30 20:00:00,0.0,98.0
2019-11-30 21:00:00,0.0,97.0
2019-11-30 22:00:00,0.0,96.0
2019-11-30 23:00:00,0.0,96.0
2019-12-01 00:00:00,0.0,95.0
2019-12-01 01:00:00,0.0,94.0
2019-12-01 02:00:00,0.0,93.0
2019-12-01 03:00:00,0.0,93.0
2019-12-01 04:00:00,0.0,93.0
2019-12-01 05:00:00,0.0,93.0
2019-12-01 06:00:00,0.0,94.0
2019-12-01 07:00:00,0.0,95.0
2019-12-01 08:00:00,0.0,95.16944444444445
2019-12-01 09:00:00,0.0,95.0
2019-12-01 10:00:00,0.0,96.0
2019-12-01 11:00:00,0.0,97.05722222222222
2019-12-01 12:00:00,0.0,99.0
2019-12-01 13:00:00,0.0,99.0
2019-12-01 14:00:00,0.0,99.0
2019-12-01 15:00:00,0.0,99.0
2019-12-01 16:00:00,0.0,99.0
2019-12-01 17:00:00,0.0,99.0
2019-12-01 18:00:00,0.0,99.0
2019-12-01 19:00:00,0.0,99.0
2019-12-01 20:00:00,0.0,99.0
2019-12-01 21:00:00,0.0,99.0
2019-12-01 22:00:00,0.0,99.0
2019-12-01 23:00:00,0.0,99.0
2019-12-02 00:00:00,0.0,99.0
2019-12-02 01:00:00,0.0,99.0
2019-12-02 02:00:00,0.0,99.0
2019-12-02 03:00:00,0.0,99.0
2019-12-02 04:00:00,0.0,99.0
2019-12-02 05:00:00,0.0,99.0
2019-12-02 06:00:00,0.0,99.0
2019-12-02 07:00:00,0.0,99.0
2019-12-02 08:00:00,0.0,99.0
2019-12-02 09:00:00,0.0,99.0
2019-12-02 10:00:00,0.0,99.0
2019-12-02 11:00:00,0.0,99.0
2019-12-02 12:00:00,0.0,99.0
2019-12-02 13:00:00,0.0,99.0
2019-12-02 14:00:00,0.0,99.0
2019-12-02 15:00:00,0.0,99.0
2019-12-02 16:00:00,0.0,99.0
2019-12-02 17:00:00,0.0,99.0
2019-12-02 18:00:00,0.0,97.9961111111111
2019-12-02 19:00:00,0.0,96.0
2019-12-02 20:00:00,0.0,95.0
2019-12-02 21:00:00,0.0,93.67611111111111
2019-12-02 22:00:00,0.0,92.0
2019-12-02 23:00:00,0.0,92.0
2019-12-03 00:00:00,0.0,91.0
2019-12-03 01:00:00,0.0,91.0
2019-12-03 02:00:00,0.0,91.0
2019-12-03 03:00:00,0.0,91.0
2019-12-03 04:00:00,0.0,92.0
2019-12-03 05:00:00,0.0,92.0
2019-12-03 06:00:00,0.0,93.0
2019-12-03 07:00:00,0.0,94.0438888888889
2019-12-03 08:00:00,0.0,96.0
2019-12-03 09:00:00,0.0,97.51444444444445
2019-12-03 10:00:00,0.0,99.0
2019-12-03 11:00:00,0.0,99.0
2019-12-03 12:00:00,0.0,99.0
2019-12-03 13:00:00,0.0,99.0
2019-12-03 14:00:00,0.0,99.0
2019-12-03 15:00:00,0.0,99.0
2019-12-03 16:00:00,0.0,99.0
2019-12-03 17:00:00,0.0,99.0
2019-12-03 18:00:00,0.0,99.0
2019-12-03 19:00:00,0.0,99.0
2019-12-03 20:00:00,0.0,99.0
2019-12-03 21:00:00,0.0,99.0
2019-12-03 22:00:00,0.0,99.0
2019-12-03 23:00:00,0.0,99.0
2019-12-04 00:00:00,0.0,99.0
2019-12-04 01:00:00,0.0,99.0
2019-12-04 02:00:00,0.0,99.0
2019-12-04 03:00:00,0.0,99.0
2019-12-04 04:00:00,0.0,99.0
2019-12-04 05:00:00,0.0,99.0
2019-12-04 06:00:00,0.0,99.0
2019-12-04 07:00:00,0.0,99.0
2019-12-04 08:00:00,0.0,99.0
2019-12-04 09:00:00,0.0,99.0
2019-12-04 10:00:00,0.0,99.0
2019-12-04 11:00:00,0.0,99.0
2019-12-04 12:00:00,0.0,99.0
2019-12-04 13:00:00,0.0,99.0
2019-12-04 14:00:00,0.0,99.0
2019-12-04 15:00:00,0.0,99.0
2019-12-04 16:00:00,0.0,99.0
2019-12-04 17:00:00,0.0,99.0
2019-12-04 18:00:00,0.0,99.0
2019-12-04 19:00:00,0.0,99.0
2019-12-04 20:00:00,0.0,99.0
2019-12-04 21:00:00,0.0,99.0
2019-12-04 22:00:00,0.0,99.0
2019-12-04 23:00:00,0.0,99.0
2019-12-05 00:00:00,0.0,99.0
2019-12-05 01:00:00,0.0,99.0
2019-12-05 02:00:00,0.0,99.0
2019-12-05 03:00:00,0.0,99.0
2019-12-05 04:00:00,0.0,99.0
2019-12-05 05:00:00,0.0,99.0
2019-12-05 06:00:00,0.0,99.0
2019-12-05 07:00:00,0.0,99.0
2019-12-05 08:00:00,0.0,99.0
2019-12-05 09:00:00,0.0,99.0
2019-12-05 10:00:00,0.0,99.0
2019-12-05 11:00:00,0.0,99.0
2019-12-05 12:00:00,0.0,99.0
2019-12-05 13:00:00,0.0,99.0
2019-12-05 14:00:00,0.0,99.0
2019-12-05 15:00:00,0.0,99.0
2019-12-05 16:00:00,0.0,99.0
2019-12-05 17:00:00,0.0,99.0
2019-12-05 18:00:00,0.0,99.0
2019-12-05 19:00:00,0.0,99.0
2019-12-05 20:00:00,0.0,98.0
2019-12-05 21:00:00,0.0,96.4438888888889
2019-12-05 22:00:00,0.0,93.79527777777778
2019-12-05 23:00:00,0.0,92.9075
